Date;Time;ArduinoMillis;EDA;IBI;RawPulse;FL;FR;RL;RR
2017-04-17;11:23:20:9413;10;0;0;509;918;941;932;938;
2017-04-17;11:23:20:9570;20;3;0;509;918;941;931;939;
2017-04-17;11:23:20:9737;30;3;0;510;918;941;931;939;
2017-04-17;11:23:20:9738;40;3;0;512;918;941;931;939;
2017-04-17;11:23:21:0065;50;3;0;515;918;941;932;939;
2017-04-17;11:23:21:0065;60;3;0;517;918;941;931;938;
2017-04-17;11:23:21:0065;70;4;0;517;918;941;932;939;
2017-04-17;11:23:21:0240;80;4;0;518;918;941;931;938;
2017-04-17;11:23:21:0241;90;4;0;518;918;941;931;939;
2017-04-17;11:23:21:0410;100;5;0;517;918;941;931;939;
2017-04-17;11:23:21:0701;110;5;0;515;918;941;932;939;
2017-04-17;11:23:21:0701;120;6;0;513;918;941;931;939;
2017-04-17;11:23:21:0701;130;6;0;512;918;941;932;939;
2017-04-17;11:23:21:0875;140;7;0;511;918;941;931;939;
2017-04-17;11:23:21:0875;150;7;0;511;918;941;931;939;
2017-04-17;11:23:21:1084;160;7;0;512;918;941;931;938;
2017-04-17;11:23:21:1084;171;6;0;513;918;941;931;939;
2017-04-17;11:23:21:1258;181;6;0;515;918;941;931;938;
2017-04-17;11:23:21:1258;191;6;0;516;919;941;932;939;
2017-04-17;11:23:21:1541;201;5;0;515;918;941;931;938;
2017-04-17;11:23:21:1541;211;5;0;516;919;941;932;939;
2017-04-17;11:23:21:1542;221;4;0;516;918;941;931;938;
2017-04-17;11:23:21:1715;231;5;0;514;918;941;932;939;
2017-04-17;11:23:21:1886;241;5;0;513;918;941;931;938;
2017-04-17;11:23:21:1887;251;6;0;512;918;941;931;939;
2017-04-17;11:23:21:2079;261;5;0;511;918;941;931;938;
2017-04-17;11:23:21:2080;271;6;0;510;919;941;932;939;
2017-04-17;11:23:21:2381;281;6;0;510;918;940;931;938;
2017-04-17;11:23:21:2381;291;6;0;512;918;941;931;938;
2017-04-17;11:23:21:2381;301;5;0;513;918;941;931;938;
2017-04-17;11:23:21:2553;311;6;0;513;919;941;931;938;
2017-04-17;11:23:21:2553;321;5;0;514;918;941;931;939;
2017-04-17;11:23:21:2723;331;7;0;514;918;941;932;939;
2017-04-17;11:23:21:2723;342;5;0;512;918;941;931;938;
2017-04-17;11:23:21:2887;352;5;0;510;918;941;931;939;
2017-04-17;11:23:21:3053;362;4;0;510;918;941;932;939;
2017-04-17;11:23:21:3054;372;6;0;510;918;941;932;938;
2017-04-17;11:23:21:3224;382;5;0;511;918;941;932;939;
2017-04-17;11:23:21:3224;392;6;0;512;918;941;931;938;
2017-04-17;11:23:21:3530;402;5;0;513;918;941;931;938;
2017-04-17;11:23:21:3530;412;5;0;513;918;941;932;939;
2017-04-17;11:23:21:3712;422;4;0;515;918;940;931;938;
2017-04-17;11:23:21:3712;432;5;0;516;919;941;932;938;
2017-04-17;11:23:21:3883;442;5;0;517;918;941;931;939;
2017-04-17;11:23:21:3883;452;6;0;516;918;941;932;939;
2017-04-17;11:23:21:4073;462;5;0;516;918;941;932;939;
2017-04-17;11:23:21:4073;472;6;0;515;918;941;931;938;
2017-04-17;11:23:21:4409;482;6;0;515;918;941;932;939;
2017-04-17;11:23:21:4409;492;6;0;515;918;941;931;939;
2017-04-17;11:23:21:4409;502;5;0;514;918;941;932;939;
2017-04-17;11:23:21:4581;512;7;0;515;918;940;931;939;
2017-04-17;11:23:21:4581;522;6;0;515;918;941;931;938;
2017-04-17;11:23:21:4863;532;8;0;514;918;941;932;939;
2017-04-17;11:23:21:4863;542;6;0;514;918;940;931;938;
2017-04-17;11:23:21:4863;552;7;0;514;918;941;931;939;
2017-04-17;11:23:21:5074;562;6;0;514;918;941;931;938;
2017-04-17;11:23:21:5074;572;6;0;516;919;941;932;939;
2017-04-17;11:23:21:5244;583;5;0;517;918;941;931;939;
2017-04-17;11:23:21:5414;593;6;0;518;918;941;932;939;
2017-04-17;11:23:21:5414;603;6;0;518;918;941;931;938;
2017-04-17;11:23:21:5737;613;6;0;519;918;941;932;938;
2017-04-17;11:23:21:5738;623;5;0;518;918;940;931;938;
2017-04-17;11:23:21:5738;633;6;0;517;919;941;932;939;
2017-04-17;11:23:21:5947;643;4;0;517;918;940;931;938;
2017-04-17;11:23:21:5947;653;5;0;517;919;941;932;938;
2017-04-17;11:23:21:6184;663;5;0;517;919;941;931;938;
2017-04-17;11:23:21:6184;673;6;0;517;919;941;931;938;
2017-04-17;11:23:21:6184;683;5;0;517;919;941;932;938;
2017-04-17;11:23:21:6396;693;6;0;516;919;941;932;938;
2017-04-17;11:23:21:6397;703;5;0;516;918;940;931;938;
2017-04-17;11:23:21:6587;713;7;0;518;918;941;932;939;
2017-04-17;11:23:21:6587;723;5;0;516;918;941;932;939;
2017-04-17;11:23:21:6863;733;6;0;515;918;941;932;939;
2017-04-17;11:23:21:6865;743;6;0;514;919;941;931;938;
2017-04-17;11:23:21:6867;753;6;0;514;918;941;932;939;
2017-04-17;11:23:21:7070;763;6;0;514;918;941;932;938;
2017-04-17;11:23:21:7070;773;6;0;515;918;941;932;939;
2017-04-17;11:23:21:7242;783;6;0;516;918;940;931;938;
2017-04-17;11:23:21:7242;793;5;0;516;918;941;931;939;
2017-04-17;11:23:21:7411;803;4;0;516;918;941;932;938;
2017-04-17;11:23:21:7708;813;5;0;517;918;941;932;939;
2017-04-17;11:23:21:7709;823;5;0;516;918;941;932;938;
2017-04-17;11:23:21:7709;833;6;0;515;918;941;932;939;
2017-04-17;11:23:21:7915;843;5;0;516;918;941;932;939;
2017-04-17;11:23:21:7916;854;6;0;519;918;941;932;938;
2017-04-17;11:23:21:8088;864;5;0;518;918;941;932;939;
2017-04-17;11:23:21:8089;874;6;0;518;918;941;932;939;
2017-04-17;11:23:21:8252;884;5;0;516;918;941;932;939;
2017-04-17;11:23:21:8252;894;5;0;514;918;941;932;939;
2017-04-17;11:23:21:8552;904;4;0;511;918;941;932;938;
2017-04-17;11:23:21:8552;914;4;0;509;918;941;932;939;
2017-04-17;11:23:21:8552;924;4;0;509;918;941;932;939;
2017-04-17;11:23:21:8725;934;5;0;508;918;941;932;939;
2017-04-17;11:23:21:8895;944;5;0;507;918;941;932;938;
2017-04-17;11:23:21:8895;954;6;0;509;918;941;932;938;
2017-04-17;11:23:21:9095;964;5;0;508;918;941;932;939;
2017-04-17;11:23:21:9096;974;6;0;509;918;941;932;938;
2017-04-17;11:23:21:9397;984;5;0;510;918;941;932;939;
2017-04-17;11:23:21:9397;994;6;0;511;918;941;932;939;
2017-04-17;11:23:21:9398;1004;6;0;512;918;941;932;939;
2017-04-17;11:23:21:9574;1014;6;0;514;918;941;933;939;
2017-04-17;11:23:21:9575;1024;5;0;515;918;941;932;939;
2017-04-17;11:23:21:9787;1034;5;0;515;918;941;932;939;
2017-04-17;11:23:21:9788;1044;5;0;516;918;941;932;939;
2017-04-17;11:23:22:0065;1054;5;0;516;918;941;932;939;
2017-04-17;11:23:22:0066;1064;4;0;516;918;941;932;938;
2017-04-17;11:23:22:0066;1074;5;0;516;918;941;932;938;
2017-04-17;11:23:22:0254;1084;5;0;514;919;941;932;938;
2017-04-17;11:23:22:0254;1094;5;0;514;918;941;932;939;
2017-04-17;11:23:22:0545;1104;5;0;514;918;941;932;939;
2017-04-17;11:23:22:0546;1114;6;0;514;918;941;932;938;
2017-04-17;11:23:22:0546;1124;4;0;514;918;941;932;938;
2017-04-17;11:23:22:0724;1134;7;0;516;919;941;932;938;
2017-04-17;11:23:22:0925;1144;5;0;517;919;941;932;938;
2017-04-17;11:23:22:0925;1154;5;0;517;918;941;932;938;
2017-04-17;11:23:22:1226;1164;4;0;517;918;941;932;939;
2017-04-17;11:23:22:1226;1174;5;0;517;919;941;932;938;
2017-04-17;11:23:22:1227;1184;4;0;517;918;941;932;939;
2017-04-17;11:23:22:1401;1195;4;0;517;918;941;932;939;
2017-04-17;11:23:22:1401;1205;4;0;517;919;941;932;939;
2017-04-17;11:23:22:1574;1215;6;0;517;919;941;932;939;
2017-04-17;11:23:22:1574;1225;5;0;516;918;941;932;938;
2017-04-17;11:23:22:1903;1235;5;0;515;918;941;932;939;
2017-04-17;11:23:22:1904;1245;5;0;514;918;941;932;938;
2017-04-17;11:23:22:1904;1255;6;0;515;919;941;932;938;
2017-04-17;11:23:22:2082;1265;6;0;514;918;941;932;939;
2017-04-17;11:23:22:2083;1275;7;0;512;918;941;932;938;
2017-04-17;11:23:22:2250;1285;6;0;511;918;941;932;939;
2017-04-17;11:23:22:2543;1295;6;0;510;918;940;932;939;
2017-04-17;11:23:22:2543;1305;5;0;509;918;941;932;939;
2017-04-17;11:23:22:2544;1315;5;0;510;918;941;932;939;
2017-04-17;11:23:22:2754;1325;5;0;511;918;941;932;938;
2017-04-17;11:23:22:2755;1335;5;0;512;919;941;932;939;
2017-04-17;11:23:22:2755;1345;4;0;514;919;941;932;939;
2017-04-17;11:23:22:2989;1355;6;0;516;918;941;932;939;
2017-04-17;11:23:22:2990;1366;5;0;518;918;941;933;939;
2017-04-17;11:23:22:3170;1376;6;0;520;918;941;932;939;
2017-04-17;11:23:22:3170;1386;5;0;518;918;941;932;939;
2017-04-17;11:23:22:3465;1396;5;0;517;918;941;932;939;
2017-04-17;11:23:22:3465;1406;5;0;517;918;941;932;939;
2017-04-17;11:23:22:3643;1416;6;0;517;918;941;932;938;
2017-04-17;11:23:22:3644;1426;5;0;517;919;941;933;939;
2017-04-17;11:23:22:3858;1436;4;0;517;918;941;932;939;
2017-04-17;11:23:22:3859;1446;3;0;515;918;941;932;939;
2017-04-17;11:23:22:3859;1456;5;0;515;918;941;932;939;
2017-04-17;11:23:22:4145;1466;5;0;513;919;941;932;939;
2017-04-17;11:23:22:4145;1476;5;0;514;918;941;932;938;
2017-04-17;11:23:22:4324;1486;4;0;513;918;941;932;939;
2017-04-17;11:23:22:4346;1496;6;0;512;918;941;932;938;
2017-04-17;11:23:22:4625;1506;4;0;510;918;941;932;938;
2017-04-17;11:23:22:4626;1516;5;0;510;919;941;932;939;
2017-04-17;11:23:22:4626;1526;5;0;510;918;941;932;939;
2017-04-17;11:23:22:4800;1536;5;0;510;918;941;932;938;
2017-04-17;11:23:22:4800;1546;5;0;511;918;941;932;939;
2017-04-17;11:23:22:4969;1556;6;0;511;918;941;932;938;
2017-04-17;11:23:22:4970;1566;5;0;511;918;941;932;938;
2017-04-17;11:23:22:6056;1576;6;0;512;918;941;932;938;
2017-04-17;11:23:22:6057;1586;5;0;511;918;941;932;939;
2017-04-17;11:23:22:6057;1596;7;0;512;918;941;932;939;
2017-04-17;11:23:22:6057;1606;6;0;513;919;941;932;939;
2017-04-17;11:23:22:6057;1616;6;0;513;918;941;932;939;
2017-04-17;11:23:22:6057;1626;5;0;513;919;941;932;939;
2017-04-17;11:23:22:6057;1636;6;0;514;918;941;932;938;
2017-04-17;11:23:22:6057;1646;6;0;514;919;941;932;938;
2017-04-17;11:23:22:6057;1656;7;0;515;918;941;932;939;
2017-04-17;11:23:22:6058;1666;6;0;514;919;941;932;939;
2017-04-17;11:23:22:6380;1676;7;1676;517;919;941;932;939;
2017-04-17;11:23:22:6381;1686;6;0;518;918;941;932;939;
2017-04-17;11:23:22:6381;1696;6;0;519;918;941;932;939;
2017-04-17;11:23:22:6381;1707;6;0;518;918;941;932;939;
2017-04-17;11:23:22:6620;1717;7;0;517;918;941;932;938;
2017-04-17;11:23:22:6620;1727;6;0;516;919;941;932;939;
2017-04-17;11:23:22:6795;1737;6;0;514;918;941;932;938;
2017-04-17;11:23:22:6795;1747;5;0;513;918;941;932;939;
2017-04-17;11:23:22:7007;1757;6;0;513;918;941;932;939;
2017-04-17;11:23:22:7008;1767;5;0;514;919;941;933;939;
2017-04-17;11:23:22:7303;1777;5;0;513;918;941;932;939;
2017-04-17;11:23:22:7304;1787;5;0;515;918;941;932;939;
2017-04-17;11:23:22:7304;1797;5;0;517;918;941;932;939;
2017-04-17;11:23:22:7482;1807;4;0;518;918;941;932;939;
2017-04-17;11:23:22:7649;1817;4;0;518;918;941;932;938;
2017-04-17;11:23:22:7649;1827;3;0;517;918;941;932;939;
2017-04-17;11:23:22:7814;1837;4;0;515;918;941;932;939;
2017-04-17;11:23:22:7815;1847;4;0;513;918;941;932;939;
2017-04-17;11:23:22:8148;1857;4;0;511;918;941;932;938;
2017-04-17;11:23:22:8149;1867;5;0;510;918;941;932;939;
2017-04-17;11:23:22:8149;1878;6;0;511;918;941;932;939;
2017-04-17;11:23:22:8320;1888;5;0;511;918;941;932;939;
2017-04-17;11:23:22:8320;1898;7;0;512;918;941;932;939;
2017-04-17;11:23:22:8490;1908;6;0;512;918;941;932;939;
2017-04-17;11:23:22:8491;1918;5;0;512;918;941;932;938;
2017-04-17;11:23:22:8780;1928;5;0;512;918;941;932;939;
2017-04-17;11:23:22:8781;1938;5;0;514;918;941;932;939;
2017-04-17;11:23:22:8987;1948;5;0;513;918;941;932;939;
2017-04-17;11:23:22:8987;1958;5;0;515;918;941;932;939;
2017-04-17;11:23:22:8987;1968;4;0;515;918;941;932;939;
2017-04-17;11:23:22:9167;1978;6;0;514;918;941;932;938;
2017-04-17;11:23:22:9341;1988;5;0;513;918;941;932;938;
2017-04-17;11:23:22:9342;1998;6;0;513;918;941;932;938;
2017-04-17;11:23:22:9625;2008;6;0;512;918;941;932;939;
2017-04-17;11:23:22:9625;2018;7;0;514;918;941;932;938;
2017-04-17;11:23:22:9626;2028;6;0;516;918;941;932;939;
2017-04-17;11:23:22:9799;2038;7;0;517;918;941;932;939;
2017-04-17;11:23:22:9800;2048;6;0;516;918;941;932;939;
2017-04-17;11:23:23:0009;2058;5;0;517;918;941;932;938;
2017-04-17;11:23:23:0009;2068;5;0;517;918;941;932;938;
2017-04-17;11:23:23:0304;2078;5;401;517;918;941;932;938;
2017-04-17;11:23:23:0305;2088;5;0;517;918;941;932;939;
2017-04-17;11:23:23:0305;2098;6;0;518;919;941;932;938;
2017-04-17;11:23:23:0477;2108;6;0;517;918;941;932;938;
2017-04-17;11:23:23:0644;2118;6;0;516;918;941;932;938;
2017-04-17;11:23:23:0644;2128;5;0;516;918;941;932;939;
2017-04-17;11:23:23:0813;2138;5;0;516;918;941;932;938;
2017-04-17;11:23:23:0813;2148;5;0;516;918;941;932;939;
2017-04-17;11:23:23:1148;2158;5;0;514;918;941;932;938;
2017-04-17;11:23:23:1148;2168;4;0;513;918;941;932;939;
2017-04-17;11:23:23:1148;2178;5;0;513;918;941;932;938;
2017-04-17;11:23:23:1323;2188;4;0;512;918;941;932;939;
2017-04-17;11:23:23:1323;2198;4;0;513;918;941;932;938;
2017-04-17;11:23:23:1490;2208;4;0;512;919;941;932;939;
2017-04-17;11:23:23:1782;2219;4;0;511;918;941;932;939;
2017-04-17;11:23:23:1784;2229;4;0;511;918;941;932;938;
2017-04-17;11:23:23:1785;2239;5;0;510;918;941;932;938;
2017-04-17;11:23:23:1993;2249;5;0;511;918;941;932;939;
2017-04-17;11:23:23:1993;2259;4;0;511;918;941;932;938;
2017-04-17;11:23:23:2167;2269;5;0;512;918;941;932;939;
2017-04-17;11:23:23:2168;2279;4;0;513;918;941;932;938;
2017-04-17;11:23:23:2465;2289;3;0;512;918;941;932;939;
2017-04-17;11:23:23:2466;2299;4;0;513;918;941;932;939;
2017-04-17;11:23:23:2466;2309;5;0;514;918;941;932;939;
2017-04-17;11:23:23:2639;2319;5;0;516;918;941;932;938;
2017-04-17;11:23:23:2640;2329;5;0;517;918;941;932;939;
2017-04-17;11:23:23:2807;2339;5;0;517;918;941;932;938;
2017-04-17;11:23:23:2807;2349;5;0;519;918;941;932;939;
2017-04-17;11:23:23:3002;2359;6;0;518;918;941;932;938;
2017-04-17;11:23:23:3003;2369;6;0;516;918;941;932;939;
2017-04-17;11:23:23:3306;2379;5;0;516;918;941;932;938;
2017-04-17;11:23:23:3306;2390;4;0;515;918;941;932;939;
2017-04-17;11:23:23:3482;2400;4;0;513;918;941;932;939;
2017-04-17;11:23:23:3482;2410;5;0;513;918;941;932;939;
2017-04-17;11:23:23:3648;2420;4;0;511;918;941;932;939;
2017-04-17;11:23:23:3649;2430;4;0;512;918;941;932;939;
2017-04-17;11:23:23:3816;2440;5;0;512;918;941;932;939;
2017-04-17;11:23:23:3816;2450;5;0;514;918;941;932;939;
2017-04-17;11:23:23:4142;2460;7;0;515;918;940;932;939;
2017-04-17;11:23:23:4143;2470;6;0;516;918;941;932;939;
2017-04-17;11:23:23:4143;2480;6;401;516;918;941;932;939;
2017-04-17;11:23:23:4317;2490;5;0;515;918;941;932;938;
2017-04-17;11:23:23:4318;2500;5;0;514;918;941;932;938;
2017-04-17;11:23:23:4491;2510;4;0;513;918;941;932;939;
2017-04-17;11:23:23:4654;2520;5;0;512;918;941;932;939;
2017-04-17;11:23:23:4654;2530;4;0;511;918;941;932;939;
2017-04-17;11:23:23:4978;2540;5;0;511;918;941;932;938;
2017-04-17;11:23:23:4978;2550;6;0;514;918;941;932;939;
2017-04-17;11:23:23:4978;2560;7;0;514;918;941;932;939;
2017-04-17;11:23:23:5153;2570;6;0;514;918;941;932;939;
2017-04-17;11:23:23:5153;2580;6;0;515;918;941;932;939;
2017-04-17;11:23:23:5435;2590;6;0;514;918;941;932;939;
2017-04-17;11:23:23:5435;2600;6;0;513;918;941;932;939;
2017-04-17;11:23:23:5435;2610;5;0;513;918;941;932;939;
2017-04-17;11:23:23:5628;2620;4;0;511;918;941;932;939;
2017-04-17;11:23:23:5628;2630;5;0;513;918;941;932;939;
2017-04-17;11:23:23:5802;2640;4;0;512;918;941;932;938;
2017-04-17;11:23:23:6010;2650;4;0;514;918;941;932;939;
2017-04-17;11:23:23:6011;2660;5;0;514;918;941;932;938;
2017-04-17;11:23:23:6304;2670;6;0;514;918;941;932;939;
2017-04-17;11:23:23:6304;2680;5;0;514;918;941;932;939;
2017-04-17;11:23:23:6304;2690;4;0;514;918;941;932;939;
2017-04-17;11:23:23:6478;2700;5;0;514;918;941;932;938;
2017-04-17;11:23:23:6479;2710;6;0;514;918;941;932;939;
2017-04-17;11:23:23:6642;2720;5;0;514;918;941;932;939;
2017-04-17;11:23:23:6642;2731;4;0;515;918;941;932;939;
2017-04-17;11:23:23:6846;2741;4;0;515;918;941;932;939;
2017-04-17;11:23:23:6846;2751;4;0;514;918;941;933;939;
2017-04-17;11:23:23:7145;2761;5;0;513;919;941;932;939;
2017-04-17;11:23:23:7145;2771;6;0;512;918;941;932;939;
2017-04-17;11:23:23:7145;2781;5;0;512;918;941;932;939;
2017-04-17;11:23:23:7321;2791;5;0;512;918;941;932;939;
2017-04-17;11:23:23:7490;2801;5;0;514;918;941;932;939;
2017-04-17;11:23:23:7490;2811;6;0;515;918;941;932;939;
2017-04-17;11:23:23:7655;2821;5;0;515;918;941;932;939;
2017-04-17;11:23:23:7655;2831;5;0;514;919;941;932;939;
2017-04-17;11:23:23:7983;2841;5;0;515;918;941;932;938;
2017-04-17;11:23:23:7983;2851;5;0;516;918;941;932;939;
2017-04-17;11:23:23:7983;2861;5;0;517;918;941;932;939;
2017-04-17;11:23:23:8155;2871;5;0;516;918;941;932;939;
2017-04-17;11:23:23:8155;2881;4;401;516;918;941;932;938;
2017-04-17;11:23:23:8326;2891;4;0;516;918;941;932;939;
2017-04-17;11:23:23:8621;2902;3;0;515;918;941;932;939;
2017-04-17;11:23:23:8622;2912;4;0;515;919;941;932;939;
2017-04-17;11:23:23:8622;2922;3;0;515;919;941;932;939;
2017-04-17;11:23:23:8833;2932;5;0;515;919;941;932;939;
2017-04-17;11:23:23:8834;2942;4;0;514;918;941;932;939;
2017-04-17;11:23:23:9011;2952;4;0;514;919;941;932;939;
2017-04-17;11:23:23:9018;2962;4;0;514;918;941;932;939;
2017-04-17;11:23:23:9303;2972;5;0;514;919;941;932;938;
2017-04-17;11:23:23:9303;2982;3;0;513;919;941;932;938;
2017-04-17;11:23:23:9304;2992;4;0;512;918;941;932;939;
2017-04-17;11:23:23:9476;3002;4;0;511;918;941;932;939;
2017-04-17;11:23:23:9477;3012;5;0;512;919;941;932;939;
2017-04-17;11:23:23:9643;3022;4;0;514;918;941;931;938;
2017-04-17;11:23:23:9643;3032;4;0;516;919;941;932;939;
2017-04-17;11:23:23:9807;3042;3;0;518;918;941;932;939;
2017-04-17;11:23:24:0147;3052;3;0;520;919;941;932;939;
2017-04-17;11:23:24:0148;3062;3;0;519;918;941;932;939;
2017-04-17;11:23:24:0148;3072;4;0;519;919;941;932;939;
2017-04-17;11:23:24:0148;3082;4;0;519;919;941;932;939;
2017-04-17;11:23:24:0325;3092;4;0;518;918;941;932;939;
2017-04-17;11:23:24:0326;3102;4;0;516;918;941;932;939;
2017-04-17;11:23:24:0491;3112;5;0;516;919;941;933;939;
2017-04-17;11:23:24:0655;3122;4;0;515;918;941;932;939;
2017-04-17;11:23:24:0656;3132;5;0;517;919;941;933;939;
2017-04-17;11:23:24:0987;3142;4;0;517;919;941;933;939;
2017-04-17;11:23:24:0987;3152;4;0;517;920;942;933;939;
2017-04-17;11:23:24:0988;3162;4;0;516;921;942;933;939;
2017-04-17;11:23:24:1164;3172;4;0;515;921;943;933;939;
2017-04-17;11:23:24:1164;3182;5;0;514;924;943;932;939;
2017-04-17;11:23:24:1330;3192;6;0;514;925;944;933;939;
2017-04-17;11:23:24:1619;3202;4;0;514;925;944;932;938;
2017-04-17;11:23:24:1620;3212;4;0;514;926;945;932;938;
2017-04-17;11:23:24:1620;3222;4;0;514;927;944;930;938;
2017-04-17;11:23:24:1834;3232;5;0;514;928;945;930;937;
2017-04-17;11:23:24:1834;3243;4;0;513;929;945;928;936;
2017-04-17;11:23:24:2005;3253;4;0;512;930;946;927;935;
2017-04-17;11:23:24:2005;3263;4;0;511;932;947;925;934;
2017-04-17;11:23:24:2170;3273;4;0;512;934;947;923;932;
2017-04-17;11:23:24:2170;3283;4;0;511;936;948;922;930;
2017-04-17;11:23:24:2456;3293;5;0;511;938;949;920;929;
2017-04-17;11:23:24:2456;3303;5;0;510;938;949;919;927;
2017-04-17;11:23:24:2457;3313;6;0;511;940;950;917;925;
2017-04-17;11:23:24:2672;3323;4;0;511;941;950;915;922;
2017-04-17;11:23:24:2672;3333;5;0;512;942;950;914;920;
2017-04-17;11:23:24:2847;3343;4;0;513;943;951;912;917;
2017-04-17;11:23:24:3013;3353;6;0;513;943;951;912;917;
2017-04-17;11:23:24:3013;3363;6;0;513;944;951;912;916;
2017-04-17;11:23:24:3303;3373;6;0;514;944;951;912;916;
2017-04-17;11:23:24:3303;3383;5;0;513;944;951;911;915;
2017-04-17;11:23:24:3303;3393;4;0;513;944;951;911;915;
2017-04-17;11:23:24:3476;3403;5;0;514;945;951;912;915;
2017-04-17;11:23:24:3477;3414;5;0;515;945;951;913;916;
2017-04-17;11:23:24:3699;3424;4;537;516;946;952;913;916;
2017-04-17;11:23:24:3699;3434;4;0;517;945;951;913;916;
2017-04-17;11:23:24:3984;3444;4;0;516;946;951;913;916;
2017-04-17;11:23:24:3984;3454;5;0;515;945;951;913;915;
2017-04-17;11:23:24:3984;3464;4;0;515;946;951;913;916;
2017-04-17;11:23:24:4158;3474;4;0;515;945;951;914;916;
2017-04-17;11:23:24:4325;3484;4;0;515;946;951;914;916;
2017-04-17;11:23:24:4326;3494;3;0;516;946;951;914;916;
2017-04-17;11:23:24:4491;3504;3;0;515;946;951;915;916;
2017-04-17;11:23:24:4491;3514;4;0;516;945;950;914;916;
2017-04-17;11:23:24:4823;3524;3;0;515;945;950;914;915;
2017-04-17;11:23:24:4823;3534;4;0;516;945;951;915;915;
2017-04-17;11:23:24:4824;3544;3;0;516;945;950;914;915;
2017-04-17;11:23:24:4996;3554;4;0;517;945;950;914;916;
2017-04-17;11:23:24:4996;3564;3;0;518;945;950;914;916;
2017-04-17;11:23:24:5166;3574;4;0;518;945;951;915;916;
2017-04-17;11:23:24:5166;3584;4;0;517;945;950;914;915;
2017-04-17;11:23:24:5337;3594;4;0;516;945;950;914;915;
2017-04-17;11:23:24:5664;3604;4;0;514;945;950;915;915;
2017-04-17;11:23:24:5664;3614;5;0;513;946;951;915;915;
2017-04-17;11:23:24:5664;3624;5;0;513;946;950;914;914;
2017-04-17;11:23:24:5664;3634;5;0;513;946;951;914;913;
2017-04-17;11:23:24:5840;3644;5;0;512;946;951;914;912;
2017-04-17;11:23:24:6010;3654;7;0;513;946;950;913;912;
2017-04-17;11:23:24:6011;3664;5;0;513;946;950;913;911;
2017-04-17;11:23:24:6300;3674;5;0;515;946;951;913;911;
2017-04-17;11:23:24:6300;3684;4;0;514;946;951;912;909;
2017-04-17;11:23:24:6301;3694;5;0;515;946;950;911;908;
2017-04-17;11:23:24:6488;3704;4;0;515;946;950;912;908;
2017-04-17;11:23:24:6488;3714;6;0;515;946;950;911;908;
2017-04-17;11:23:24:6880;3724;4;0;515;945;950;910;907;
2017-04-17;11:23:24:6880;3734;5;0;515;946;951;911;907;
2017-04-17;11:23:24:6880;3744;5;0;512;946;950;910;907;
2017-04-17;11:23:24:6880;3755;6;0;512;946;950;910;906;
2017-04-17;11:23:24:7137;3765;5;0;512;946;950;910;907;
2017-04-17;11:23:24:7137;3775;6;0;512;946;950;910;907;
2017-04-17;11:23:24:7363;3785;4;0;511;946;950;910;908;
2017-04-17;11:23:24:7364;3795;6;0;512;946;950;910;907;
2017-04-17;11:23:24:7364;3805;5;0;513;945;950;909;907;
2017-04-17;11:23:24:7619;3815;7;0;514;945;950;910;907;
2017-04-17;11:23:24:7619;3825;5;0;515;945;950;910;907;
2017-04-17;11:23:24:7830;3836;7;0;516;945;950;909;907;
2017-04-17;11:23:24:7831;3846;6;0;517;945;950;909;907;
2017-04-17;11:23:24:8012;3856;6;437;517;945;950;910;907;
2017-04-17;11:23:24:8013;3866;5;0;518;945;950;909;907;
2017-04-17;11:23:24:8300;3876;6;0;518;945;950;909;907;
2017-04-17;11:23:24:8300;3886;6;0;516;945;950;910;907;
2017-04-17;11:23:24:8300;3896;7;0;516;945;950;910;907;
2017-04-17;11:23:24:8518;3906;5;0;515;945;949;910;906;
2017-04-17;11:23:24:8518;3916;7;0;514;945;949;910;906;
2017-04-17;11:23:24:8777;3927;6;0;514;945;949;909;906;
2017-04-17;11:23:24:8777;3937;8;0;514;945;949;910;905;
2017-04-17;11:23:24:8993;3947;7;0;513;945;949;909;905;
2017-04-17;11:23:24:8993;3957;7;0;514;945;949;909;904;
2017-04-17;11:23:24:9175;3968;7;0;514;945;949;910;905;
2017-04-17;11:23:24:9176;3978;9;0;513;945;949;909;904;
2017-04-17;11:23:24:9466;3988;8;0;512;945;948;910;904;
2017-04-17;11:23:24:9466;3998;8;0;512;945;948;909;903;
2017-04-17;11:23:24:9466;4008;7;0;514;945;948;909;903;
2017-04-17;11:23:24:9681;4018;7;0;514;945;948;909;903;
2017-04-17;11:23:24:9681;4028;7;0;514;945;948;909;904;
2017-04-17;11:23:24:9941;4038;7;0;514;945;948;909;903;
2017-04-17;11:23:24:9941;4048;6;0;515;945;948;909;904;
2017-04-17;11:23:24:9941;4058;8;0;516;945;947;909;904;
2017-04-17;11:23:25:0159;4068;7;0;515;945;948;909;904;
2017-04-17;11:23:25:0159;4078;8;0;515;944;947;909;904;
2017-04-17;11:23:25:0373;4088;7;0;515;944;947;909;904;
2017-04-17;11:23:25:0373;4098;8;0;516;944;947;909;904;
2017-04-17;11:23:25:0625;4108;7;0;517;944;947;909;904;
2017-04-17;11:23:25:0626;4118;9;0;517;944;947;909;904;
2017-04-17;11:23:25:0626;4128;7;0;517;945;947;909;904;
2017-04-17;11:23:25:0841;4139;7;0;518;944;947;909;904;
2017-04-17;11:23:25:0842;4149;7;0;518;944;947;909;904;
2017-04-17;11:23:25:1140;4159;9;0;518;944;947;909;903;
2017-04-17;11:23:25:1140;4169;8;0;518;945;947;909;903;
2017-04-17;11:23:25:1140;4179;8;0;517;945;947;909;903;
2017-04-17;11:23:25:1362;4189;8;0;517;945;947;909;903;
2017-04-17;11:23:25:1363;4199;7;0;517;945;946;909;903;
2017-04-17;11:23:25:1618;4209;7;0;516;945;947;909;902;
2017-04-17;11:23:25:1618;4219;7;0;515;945;946;909;901;
2017-04-17;11:23:25:1844;4229;7;0;516;945;947;911;691;
2017-04-17;11:23:25:1844;4239;6;0;515;944;947;910;789;
2017-04-17;11:23:25:1844;4249;6;0;513;943;947;910;832;
2017-04-17;11:23:25:2140;4259;6;0;514;944;947;910;810;
2017-04-17;11:23:25:2140;4269;5;0;513;945;947;909;796;
2017-04-17;11:23:25:2141;4279;6;0;512;945;947;909;811;
2017-04-17;11:23:25:2363;4289;7;0;512;944;947;909;832;
2017-04-17;11:23:25:2364;4299;6;0;512;944;947;908;834;
2017-04-17;11:23:25:2619;4310;6;0;513;945;947;909;827;
2017-04-17;11:23:25:2619;4320;7;0;514;945;947;909;827;
2017-04-17;11:23:25:2620;4330;8;0;516;945;947;909;834;
2017-04-17;11:23:25:2838;4340;8;0;517;944;947;909;839;
2017-04-17;11:23:25:2839;4350;8;0;515;944;947;909;839;
2017-04-17;11:23:25:3144;4360;7;0;515;944;947;909;836;
2017-04-17;11:23:25:3145;4370;7;0;514;944;947;910;836;
2017-04-17;11:23:25:3145;4380;9;0;514;944;947;909;839;
2017-04-17;11:23:25:3356;4390;9;0;514;944;947;909;842;
2017-04-17;11:23:25:3356;4400;9;0;514;944;947;909;841;
2017-04-17;11:23:25:3622;4410;9;0;512;944;947;909;838;
2017-04-17;11:23:25:3622;4420;8;0;515;944;947;909;839;
2017-04-17;11:23:25:3840;4430;8;0;516;944;947;909;842;
2017-04-17;11:23:25:3840;4440;7;0;517;944;947;908;842;
2017-04-17;11:23:25:3840;4450;7;0;517;944;947;909;840;
2017-04-17;11:23:25:4140;4460;8;599;520;944;947;908;837;
2017-04-17;11:23:25:4140;4470;7;0;520;944;947;908;839;
2017-04-17;11:23:25:4140;4480;7;0;521;944;947;908;840;
2017-04-17;11:23:25:4364;4490;8;0;520;945;947;908;839;
2017-04-17;11:23:25:4364;4500;6;0;520;945;947;908;836;
2017-04-17;11:23:25:4619;4510;7;0;519;945;947;908;837;
2017-04-17;11:23:25:4619;4520;7;0;519;945;947;907;838;
2017-04-17;11:23:25:4620;4530;7;0;520;945;947;907;839;
2017-04-17;11:23:25:4842;4540;7;0;519;945;947;907;839;
2017-04-17;11:23:25:4842;4550;7;0;520;945;948;907;839;
2017-04-17;11:23:25:5140;4560;6;0;519;945;947;907;840;
2017-04-17;11:23:25:5140;4570;6;0;517;945;948;907;842;
2017-04-17;11:23:25:5140;4580;8;0;517;945;947;907;843;
2017-04-17;11:23:25:5332;4590;8;0;517;945;948;907;845;
2017-04-17;11:23:25:5333;4600;8;0;515;945;947;907;846;
2017-04-17;11:23:25:5620;4610;8;0;513;945;948;907;848;
2017-04-17;11:23:25:5620;4620;9;0;512;945;948;907;849;
2017-04-17;11:23:25:5848;4630;7;0;511;945;948;908;851;
2017-04-17;11:23:25:5848;4640;9;0;511;944;948;907;852;
2017-04-17;11:23:25:5849;4651;9;0;512;944;948;908;854;
2017-04-17;11:23:25:6103;4661;7;0;514;944;948;907;855;
2017-04-17;11:23:25:6103;4671;7;0;517;944;948;907;857;
2017-04-17;11:23:25:6345;4681;6;0;519;944;948;908;858;
2017-04-17;11:23:25:6345;4691;6;0;521;944;948;907;859;
2017-04-17;11:23:25:6346;4701;7;0;523;944;947;907;860;
2017-04-17;11:23:25:6619;4711;7;0;523;944;948;907;862;
2017-04-17;11:23:25:6619;4721;7;0;520;944;947;907;862;
2017-04-17;11:23:25:6619;4731;6;0;520;944;948;908;863;
2017-04-17;11:23:25:6843;4741;6;0;519;944;948;907;864;
2017-04-17;11:23:25:6844;4751;5;0;518;944;948;907;865;
2017-04-17;11:23:25:7141;4761;5;0;516;944;948;908;865;
2017-04-17;11:23:25:7141;4771;6;0;514;944;948;907;866;
2017-04-17;11:23:25:7141;4781;5;0;514;944;948;907;866;
2017-04-17;11:23:25:7362;4791;5;0;513;944;948;908;867;
2017-04-17;11:23:25:7363;4801;7;0;511;944;948;907;867;
2017-04-17;11:23:25:7619;4811;6;0;511;944;948;908;868;
2017-04-17;11:23:25:7620;4822;5;0;511;943;948;908;869;
2017-04-17;11:23:25:7845;4832;5;0;514;943;948;908;869;
2017-04-17;11:23:25:7846;4842;5;0;513;944;948;908;870;
2017-04-17;11:23:25:8141;4852;7;0;514;944;948;907;870;
2017-04-17;11:23:25:8141;4862;5;0;514;944;948;907;870;
2017-04-17;11:23:25:8141;4872;6;0;515;943;948;907;870;
2017-04-17;11:23:25:8141;4882;6;0;515;943;948;907;870;
2017-04-17;11:23:25:8370;4892;6;0;514;943;948;908;872;
2017-04-17;11:23:25:8370;4902;7;0;514;943;948;907;871;
2017-04-17;11:23:25:8620;4912;7;0;514;944;949;908;873;
2017-04-17;11:23:25:8620;4922;6;0;514;944;949;908;872;
2017-04-17;11:23:25:8839;4932;6;0;513;944;949;908;873;
2017-04-17;11:23:25:8840;4942;6;0;514;943;948;907;872;
2017-04-17;11:23:25:8840;4952;6;0;513;944;948;908;873;
2017-04-17;11:23:25:9142;4962;5;0;512;943;948;908;873;
2017-04-17;11:23:25:9143;4972;6;0;513;944;949;908;873;
2017-04-17;11:23:25:9326;4982;6;0;512;943;948;908;873;
2017-04-17;11:23:25:9326;4992;7;0;511;943;948;908;874;
2017-04-17;11:23:25:9327;5002;7;0;511;943;949;908;874;
2017-04-17;11:23:25:9620;5012;8;0;511;943;948;907;873;
2017-04-17;11:23:25:9620;5022;7;0;509;943;948;907;873;
2017-04-17;11:23:25:9838;5032;8;0;509;944;949;908;873;
2017-04-17;11:23:25:9839;5042;7;0;509;944;948;907;872;
2017-04-17;11:23:26:0143;5052;8;0;510;943;949;908;873;
2017-04-17;11:23:26:0143;5062;6;0;510;944;949;907;872;
2017-04-17;11:23:26:0143;5072;6;0;512;944;949;908;873;
2017-04-17;11:23:26:0143;5082;6;0;511;944;949;907;872;
2017-04-17;11:23:26:0336;5092;7;0;512;944;949;907;871;
2017-04-17;11:23:26:0622;5102;5;0;512;944;949;907;872;
2017-04-17;11:23:26:0622;5112;6;0;511;944;949;907;872;
2017-04-17;11:23:26:0622;5122;6;0;511;944;949;907;871;
2017-04-17;11:23:26:0839;5132;7;0;512;944;949;908;871;
2017-04-17;11:23:26:0840;5142;7;0;511;944;949;907;870;
2017-04-17;11:23:26:0840;5152;6;0;508;944;949;907;870;
2017-04-17;11:23:26:1142;5163;5;0;505;944;949;907;870;
2017-04-17;11:23:26:1143;5173;7;0;504;944;950;907;870;
2017-04-17;11:23:26:1363;5183;5;0;501;944;949;907;870;
2017-04-17;11:23:26:1364;5193;6;0;501;944;950;907;870;
2017-04-17;11:23:26:1665;5203;5;0;500;944;949;907;870;
2017-04-17;11:23:26:1665;5213;5;0;499;944;949;907;869;
2017-04-17;11:23:26:1666;5223;4;0;498;945;950;907;868;
2017-04-17;11:23:26:1666;5233;5;0;498;944;950;907;869;
2017-04-17;11:23:26:1860;5243;4;0;497;944;949;906;867;
2017-04-17;11:23:26:1861;5253;5;0;499;945;950;907;867;
2017-04-17;11:23:26:2141;5263;5;0;500;945;950;906;866;
2017-04-17;11:23:26:2141;5273;6;0;502;945;950;906;866;
2017-04-17;11:23:26:2333;5283;5;0;501;945;950;906;867;
2017-04-17;11:23:26:2334;5293;5;0;501;945;950;907;867;
2017-04-17;11:23:26:2622;5303;4;0;500;946;950;906;867;
2017-04-17;11:23:26:2623;5313;5;0;499;945;950;906;867;
2017-04-17;11:23:26:2623;5323;4;0;497;946;951;906;867;
2017-04-17;11:23:26:2833;5334;5;0;495;945;950;907;869;
2017-04-17;11:23:26:2833;5344;3;0;493;945;951;906;870;
2017-04-17;11:23:26:3141;5354;4;0;492;946;951;906;870;
2017-04-17;11:23:26:3142;5364;4;0;492;946;951;907;872;
2017-04-17;11:23:26:3142;5374;4;0;494;946;951;907;872;
2017-04-17;11:23:26:3370;5384;3;0;494;946;951;907;872;
2017-04-17;11:23:26:3371;5394;3;0;496;946;951;906;872;
2017-04-17;11:23:26:3620;5404;3;0;496;947;952;907;872;
2017-04-17;11:23:26:3621;5414;5;0;497;946;951;906;872;
2017-04-17;11:23:26:3621;5424;4;0;497;947;952;907;872;
2017-04-17;11:23:26:3841;5434;4;0;496;947;951;906;872;
2017-04-17;11:23:26:3842;5444;3;0;495;947;952;907;873;
2017-04-17;11:23:26:4144;5454;5;0;494;947;952;907;874;
2017-04-17;11:23:26:4144;5464;4;0;493;947;952;907;874;
2017-04-17;11:23:26:4144;5474;5;0;493;947;952;907;874;
2017-04-17;11:23:26:4358;5484;4;0;492;947;952;906;874;
2017-04-17;11:23:26:4359;5494;6;0;492;947;952;907;874;
2017-04-17;11:23:26:4620;5504;5;0;494;946;951;907;874;
2017-04-17;11:23:26:4620;5514;5;0;494;946;951;908;878;
2017-04-17;11:23:26:4620;5524;6;0;493;946;951;911;890;
2017-04-17;11:23:26:4841;5534;6;0;491;944;950;915;902;
2017-04-17;11:23:26:4841;5544;5;0;491;941;949;920;913;
2017-04-17;11:23:26:5140;5554;5;0;491;938;948;923;919;
2017-04-17;11:23:26:5141;5564;5;0;489;933;946;925;924;
2017-04-17;11:23:26:5141;5574;5;0;486;925;944;927;927;
2017-04-17;11:23:26:5364;5584;5;0;485;911;942;929;930;
2017-04-17;11:23:26:5365;5594;5;0;484;897;941;930;932;
2017-04-17;11:23:26:5365;5604;4;0;484;866;940;931;933;
2017-04-17;11:23:26:5618;5614;5;0;486;826;937;931;934;
2017-04-17;11:23:26:5618;5624;4;0;487;798;936;930;935;
2017-04-17;11:23:26:5838;5634;5;0;491;796;936;930;935;
2017-04-17;11:23:26:5839;5644;5;0;492;802;936;930;935;
2017-04-17;11:23:26:6143;5654;6;0;496;811;935;929;935;
2017-04-17;11:23:26:6143;5664;6;0;499;817;936;929;935;
2017-04-17;11:23:26:6144;5675;5;0;502;821;936;928;934;
2017-04-17;11:23:26:6362;5685;4;0;504;824;936;928;934;
2017-04-17;11:23:26:6362;5695;5;0;506;832;937;927;934;
2017-04-17;11:23:26:6619;5705;4;0;508;836;937;927;934;
2017-04-17;11:23:26:6620;5715;5;0;508;841;937;927;934;
2017-04-17;11:23:26:6620;5725;5;0;509;844;938;926;934;
2017-04-17;11:23:26:6844;5736;5;0;511;849;938;926;934;
2017-04-17;11:23:26:6845;5746;4;0;511;854;938;926;934;
2017-04-17;11:23:26:7050;5756;5;0;511;857;938;927;934;
2017-04-17;11:23:26:7050;5766;5;0;511;858;938;927;934;
2017-04-17;11:23:26:7321;5776;5;0;511;859;938;927;934;
2017-04-17;11:23:26:7321;5786;4;0;510;858;937;927;934;
2017-04-17;11:23:26:7321;5796;5;0;508;859;937;927;934;
2017-04-17;11:23:26:7531;5806;4;0;506;859;937;927;933;
2017-04-17;11:23:26:7531;5816;6;0;505;859;937;928;934;
2017-04-17;11:23:26:7818;5826;4;0;504;857;936;928;934;
2017-04-17;11:23:26:7818;5836;6;0;506;856;936;929;934;
2017-04-17;11:23:26:7818;5846;5;0;506;853;935;929;934;
2017-04-17;11:23:26:8008;5856;5;0;507;849;934;929;934;
2017-04-17;11:23:26:8008;5866;4;0;508;843;933;930;935;
2017-04-17;11:23:26:8300;5876;4;0;509;839;933;930;935;
2017-04-17;11:23:26:8300;5886;3;0;511;836;932;931;936;
2017-04-17;11:23:26:8301;5896;4;0;512;832;931;931;935;
2017-04-17;11:23:26:8524;5906;3;0;513;831;930;932;936;
2017-04-17;11:23:26:8524;5916;5;0;514;829;928;932;936;
2017-04-17;11:23:26:8777;5926;4;0;514;826;927;932;937;
2017-04-17;11:23:26:8777;5936;4;0;515;826;926;933;937;
2017-04-17;11:23:26:9005;5946;4;0;516;825;924;933;937;
2017-04-17;11:23:26:9005;5956;5;0;517;825;922;932;936;
2017-04-17;11:23:26:9005;5966;5;0;516;826;921;933;937;
2017-04-17;11:23:26:9187;5976;6;0;516;828;921;933;936;
2017-04-17;11:23:26:9462;5986;5;0;517;831;920;933;936;
2017-04-17;11:23:26:9463;5996;5;0;517;836;921;933;935;
2017-04-17;11:23:26:9463;6006;5;0;516;840;922;933;936;
2017-04-17;11:23:26:9678;6016;7;0;516;844;923;932;935;
2017-04-17;11:23:26:9679;6026;6;0;516;850;925;933;935;
2017-04-17;11:23:26:9857;6036;7;0;515;855;926;933;935;
2017-04-17;11:23:26:9857;6046;5;0;515;860;927;933;934;
2017-04-17;11:23:27:0141;6056;6;0;516;864;928;932;934;
2017-04-17;11:23:27:0141;6066;5;0;516;868;929;931;933;
2017-04-17;11:23:27:0141;6076;5;0;517;874;930;931;933;
2017-04-17;11:23:27:0367;6086;5;0;517;877;932;930;933;
2017-04-17;11:23:27:0367;6096;6;0;519;882;933;929;932;
2017-04-17;11:23:27:0618;6106;6;0;520;885;934;929;932;
2017-04-17;11:23:27:0618;6116;7;0;520;888;935;929;932;
2017-04-17;11:23:27:0619;6126;6;0;520;889;936;928;932;
2017-04-17;11:23:27:0835;6136;5;0;521;890;937;927;933;
2017-04-17;11:23:27:0836;6146;5;0;519;890;937;928;933;
2017-04-17;11:23:27:1020;6156;5;0;519;890;937;927;933;
2017-04-17;11:23:27:1020;6166;5;0;519;889;938;927;933;
2017-04-17;11:23:27:1304;6176;5;0;519;889;938;926;933;
2017-04-17;11:23:27:1304;6187;4;0;517;887;938;926;934;
2017-04-17;11:23:27:1304;6197;5;0;517;886;938;926;934;
2017-04-17;11:23:27:1476;6207;5;0;516;883;939;925;934;
2017-04-17;11:23:27:1691;6217;6;0;515;882;939;925;934;
2017-04-17;11:23:27:1692;6227;5;0;515;881;939;925;935;
2017-04-17;11:23:27:1692;6237;6;0;515;878;939;925;935;
2017-04-17;11:23:27:1984;6247;6;0;513;875;939;925;935;
2017-04-17;11:23:27:1985;6257;6;0;513;871;939;925;936;
2017-04-17;11:23:27:2157;6267;6;0;512;867;939;925;936;
2017-04-17;11:23:27:2157;6277;6;0;512;862;939;925;936;
2017-04-17;11:23:27:2326;6287;6;0;511;857;939;926;937;
2017-04-17;11:23:27:2327;6297;6;0;512;852;939;925;937;
2017-04-17;11:23:27:2530;6307;5;0;510;848;939;926;937;
2017-04-17;11:23:27:2531;6317;6;0;509;848;939;926;937;
2017-04-17;11:23:27:2824;6327;5;0;507;851;939;926;937;
2017-04-17;11:23:27:2825;6337;6;0;506;853;939;926;937;
2017-04-17;11:23:27:2825;6347;5;0;506;857;939;926;937;
2017-04-17;11:23:27:2996;6358;6;0;505;861;940;926;937;
2017-04-17;11:23:27:3173;6368;5;0;506;866;940;926;937;
2017-04-17;11:23:27:3174;6378;5;0;507;871;940;926;937;
2017-04-17;11:23:27:3338;6388;5;0;507;875;940;926;936;
2017-04-17;11:23:27:3339;6398;5;0;508;880;940;926;936;
2017-04-17;11:23:27:3672;6408;5;0;508;883;941;926;936;
2017-04-17;11:23:27:3672;6418;5;0;509;887;941;925;935;
2017-04-17;11:23:27:3673;6428;5;0;510;893;942;925;934;
2017-04-17;11:23:27:3978;6438;6;0;510;896;942;924;933;
2017-04-17;11:23:27:3978;6448;5;0;510;899;943;924;933;
2017-04-17;11:23:27:3978;6458;5;0;510;902;943;923;931;
2017-04-17;11:23:27:4155;6468;5;0;511;906;944;923;930;
2017-04-17;11:23:27:4155;6478;6;0;510;908;944;922;929;
2017-04-17;11:23:27:4323;6488;6;0;510;910;944;922;927;
2017-04-17;11:23:27:4324;6498;6;0;510;912;945;922;927;
2017-04-17;11:23:27:4526;6508;6;0;511;914;945;922;926;
2017-04-17;11:23:27:4527;6518;7;0;511;914;945;922;925;
2017-04-17;11:23:27:4824;6528;6;0;510;915;945;922;925;
2017-04-17;11:23:27:4825;6538;7;0;512;917;945;922;924;
2017-04-17;11:23:27:4825;6548;6;0;511;917;945;922;924;
2017-04-17;11:23:27:4996;6558;5;0;511;918;945;923;923;
2017-04-17;11:23:27:5170;6568;4;0;512;918;945;923;923;
2017-04-17;11:23:27:5170;6578;5;0;513;919;945;924;923;
2017-04-17;11:23:27:5461;6588;5;0;514;919;945;924;923;
2017-04-17;11:23:27:5461;6598;5;0;514;920;945;924;922;
2017-04-17;11:23:27:5461;6608;5;0;515;921;945;925;921;
2017-04-17;11:23:27:5675;6618;5;0;515;921;945;925;921;
2017-04-17;11:23:27:5676;6628;6;0;516;921;945;926;920;
2017-04-17;11:23:27:5850;6638;6;0;515;922;944;926;920;
2017-04-17;11:23:27:5850;6648;6;0;514;923;944;926;919;
2017-04-17;11:23:27:6073;6658;5;0;513;924;944;926;918;
2017-04-17;11:23:27:6074;6668;5;0;513;925;944;927;918;
2017-04-17;11:23:27:6346;6678;5;0;512;925;944;927;916;
2017-04-17;11:23:27:6347;6688;5;0;512;926;944;927;915;
2017-04-17;11:23:27:6347;6699;6;0;513;927;943;928;914;
2017-04-17;11:23:27:6519;6709;5;0;514;928;943;928;914;
2017-04-17;11:23:27:6691;6719;6;0;514;928;943;928;913;
2017-04-17;11:23:27:6692;6729;6;0;514;929;943;929;912;
2017-04-17;11:23:27:6983;6739;5;0;515;930;942;930;911;
2017-04-17;11:23:27:6984;6749;5;0;515;930;942;930;911;
2017-04-17;11:23:27:6984;6759;5;0;515;931;941;931;910;
2017-04-17;11:23:27:7161;6769;5;0;515;932;941;931;908;
2017-04-17;11:23:27:7161;6779;5;0;515;932;940;932;907;
2017-04-17;11:23:27:7362;6789;5;0;515;933;940;932;906;
2017-04-17;11:23:27:7363;6799;5;0;515;933;939;932;904;
2017-04-17;11:23:27:7621;6810;4;0;514;933;939;933;902;
2017-04-17;11:23:27:7621;6820;4;0;514;934;939;933;899;
2017-04-17;11:23:27:7832;6830;4;0;513;934;939;933;897;
2017-04-17;11:23:27:7832;6840;4;0;512;935;938;933;893;
2017-04-17;11:23:27:7833;6850;4;0;512;935;938;933;889;
2017-04-17;11:23:27:8005;6860;4;0;513;935;938;933;886;
2017-04-17;11:23:27:8171;6870;4;0;513;936;938;933;883;
2017-04-17;11:23:27:8171;6880;5;0;514;936;938;933;879;
2017-04-17;11:23:27:8335;6890;5;0;514;936;938;933;876;
2017-04-17;11:23:27:8335;6900;5;0;515;937;938;933;873;
2017-04-17;11:23:27:8670;6910;6;0;515;937;938;934;871;
2017-04-17;11:23:27:8670;6920;7;0;514;937;938;933;867;
2017-04-17;11:23:27:8670;6930;6;0;514;938;938;933;866;
2017-04-17;11:23:27:8848;6940;6;0;513;938;938;933;863;
2017-04-17;11:23:27:8849;6950;7;0;512;938;938;934;864;
2017-04-17;11:23:27:9013;6960;7;0;510;938;937;933;864;
2017-04-17;11:23:27:9176;6970;6;0;510;938;938;933;866;
2017-04-17;11:23:27:9177;6980;5;0;508;938;937;933;869;
2017-04-17;11:23:27:9508;6990;5;0;509;938;938;934;873;
2017-04-17;11:23:27:9508;7000;5;0;512;938;937;933;875;
2017-04-17;11:23:27:9508;7010;5;0;516;938;938;934;879;
2017-04-17;11:23:27:9682;7020;6;0;518;938;937;933;881;
2017-04-17;11:23:27:9682;7030;7;0;519;938;938;934;884;
2017-04-17;11:23:27:9852;7040;7;0;519;937;937;933;886;
2017-04-17;11:23:27:9852;7050;7;0;519;938;938;934;889;
2017-04-17;11:23:28:0141;7060;7;0;519;937;937;933;891;
2017-04-17;11:23:28:0141;7070;6;0;517;937;937;934;893;
2017-04-17;11:23:28:0141;7080;6;0;516;937;937;933;894;
2017-04-17;11:23:28:0349;7090;6;0;515;937;938;934;896;
2017-04-17;11:23:28:0349;7100;5;0;513;937;938;933;896;
2017-04-17;11:23:28:0524;7110;5;0;510;937;938;934;897;
2017-04-17;11:23:28:0687;7120;5;0;509;936;938;934;898;
2017-04-17;11:23:28:0687;7130;5;0;509;936;938;934;899;
2017-04-17;11:23:28:0987;7140;6;0;509;936;938;934;899;
2017-04-17;11:23:28:0988;7150;5;0;510;936;938;934;901;
2017-04-17;11:23:28:0988;7160;6;0;509;936;938;934;901;
2017-04-17;11:23:28:1199;7170;5;0;509;936;938;934;902;
2017-04-17;11:23:28:1199;7180;5;0;509;936;938;934;902;
2017-04-17;11:23:28:1376;7190;5;0;510;936;938;934;902;
2017-04-17;11:23:28:1376;7200;5;0;511;936;938;934;902;
2017-04-17;11:23:28:1666;7211;5;0;512;936;938;934;902;
2017-04-17;11:23:28:1666;7221;5;0;513;936;938;934;901;
2017-04-17;11:23:28:1666;7231;5;0;514;937;938;934;901;
2017-04-17;11:23:28:1839;7241;4;0;513;937;938;934;900;
2017-04-17;11:23:28:2012;7251;4;0;513;937;938;934;900;
2017-04-17;11:23:28:2012;7261;3;0;512;937;938;934;900;
2017-04-17;11:23:28:2175;7271;4;0;514;938;938;934;901;
2017-04-17;11:23:28:2176;7281;4;0;514;938;938;934;900;
2017-04-17;11:23:28:3937;7291;4;0;514;938;939;934;901;
2017-04-17;11:23:28:3937;7301;5;0;514;938;939;934;901;
2017-04-17;11:23:28:3937;7311;5;0;512;938;939;934;901;
2017-04-17;11:23:28:3938;7321;5;0;512;938;939;933;901;
2017-04-17;11:23:28:3938;7331;5;0;510;937;939;933;902;
2017-04-17;11:23:28:3938;7341;4;0;509;938;940;933;902;
2017-04-17;11:23:28:3938;7351;5;0;509;938;940;933;903;
2017-04-17;11:23:28:3938;7361;5;0;508;938;940;932;902;
2017-04-17;11:23:28:3939;7371;6;0;508;938;940;932;903;
2017-04-17;11:23:28:3939;7382;4;0;508;938;940;932;902;
2017-04-17;11:23:28:3940;7392;4;0;508;938;940;932;902;
2017-04-17;11:23:28:3940;7402;5;0;508;938;940;932;901;
2017-04-17;11:23:28:3940;7412;5;0;508;938;940;933;901;
2017-04-17;11:23:28:3940;7422;4;0;509;938;940;933;900;
2017-04-17;11:23:28:3940;7432;5;0;510;938;940;933;900;
2017-04-17;11:23:28:3940;7442;5;0;511;938;939;933;899;
2017-04-17;11:23:28:3940;7452;5;0;512;938;939;933;900;
2017-04-17;11:23:28:4301;7462;6;0;513;938;939;933;899;
2017-04-17;11:23:28:4302;7472;6;0;514;938;939;934;900;
2017-04-17;11:23:28:4302;7482;6;0;515;938;938;934;899;
2017-04-17;11:23:28:4302;7492;7;3036;518;938;939;935;900;
2017-04-17;11:23:28:4725;7502;5;0;518;938;939;935;900;
2017-04-17;11:23:28:4725;7512;6;0;518;938;939;935;900;
2017-04-17;11:23:28:4726;7522;4;0;518;938;938;934;899;
2017-04-17;11:23:28:4726;7532;4;0;518;938;938;935;900;
2017-04-17;11:23:28:4985;7542;4;0;516;938;938;934;899;
2017-04-17;11:23:28:4985;7552;4;0;515;938;938;935;899;
2017-04-17;11:23:28:4985;7562;4;0;514;938;938;934;899;
2017-04-17;11:23:28:5195;7572;5;0;514;938;938;935;899;
2017-04-17;11:23:28:5196;7582;5;0;511;938;938;934;899;
2017-04-17;11:23:28:5368;7592;5;0;511;938;939;935;900;
2017-04-17;11:23:28:5368;7602;5;0;511;938;939;934;900;
2017-04-17;11:23:28:5667;7612;5;0;512;939;939;935;901;
2017-04-17;11:23:28:5667;7622;5;0;513;938;939;934;900;
2017-04-17;11:23:28:5667;7632;5;0;517;939;939;934;900;
2017-04-17;11:23:28:5841;7642;4;0;518;939;939;934;901;
2017-04-17;11:23:28:6008;7652;5;0;518;938;939;934;902;
2017-04-17;11:23:28:6009;7662;4;0;518;939;939;934;902;
2017-04-17;11:23:28:6309;7672;5;0;517;939;940;935;902;
2017-04-17;11:23:28:6309;7682;5;0;516;938;939;934;902;
2017-04-17;11:23:28:6310;7692;5;0;514;938;939;935;902;
2017-04-17;11:23:28:6513;7702;4;0;514;939;939;935;902;
2017-04-17;11:23:28:6513;7712;5;0;514;939;939;935;903;
2017-04-17;11:23:28:6685;7723;5;0;513;938;938;935;902;
2017-04-17;11:23:28:6685;7733;5;0;513;939;938;935;902;
2017-04-17;11:23:28:6852;7743;5;0;511;938;938;934;901;
2017-04-17;11:23:28:6852;7753;4;0;511;939;938;935;901;
2017-04-17;11:23:28:7150;7763;4;0;512;939;937;935;899;
2017-04-17;11:23:28:7150;7773;5;0;513;939;938;935;899;
2017-04-17;11:23:28:7353;7783;5;0;512;940;937;935;897;
2017-04-17;11:23:28:7353;7793;5;0;513;940;937;935;895;
2017-04-17;11:23:28:7530;7803;5;0;512;940;937;935;892;
2017-04-17;11:23:28:7534;7813;4;0;513;940;937;935;890;
2017-04-17;11:23:28:7824;7823;4;0;515;940;937;936;888;
2017-04-17;11:23:28:7824;7833;4;0;518;940;936;936;885;
2017-04-17;11:23:28:7824;7843;4;0;519;941;936;936;882;
2017-04-17;11:23:28:8002;7853;4;0;520;941;936;936;880;
2017-04-17;11:23:28:8003;7863;4;0;520;941;936;936;878;
2017-04-17;11:23:28:8182;7873;5;0;521;941;936;936;877;
2017-04-17;11:23:28:8182;7883;4;0;518;942;936;936;875;
2017-04-17;11:23:28:8466;7894;4;401;517;942;936;937;876;
2017-04-17;11:23:28:8467;7904;3;0;516;941;935;936;875;
2017-04-17;11:23:28:8667;7914;5;0;514;942;936;936;876;
2017-04-17;11:23:28:8667;7924;4;0;513;942;936;936;875;
2017-04-17;11:23:28:8844;7934;5;0;511;942;936;936;875;
2017-04-17;11:23:28:8845;7944;5;0;510;942;936;936;875;
2017-04-17;11:23:28:9012;7954;6;0;510;942;936;935;876;
2017-04-17;11:23:28:9012;7964;5;0;511;942;936;935;876;
2017-04-17;11:23:28:9308;7974;5;0;512;942;937;935;877;
2017-04-17;11:23:28:9308;7984;4;0;511;942;937;935;878;
2017-04-17;11:23:28:9308;7994;5;0;512;942;937;935;879;
2017-04-17;11:23:28:9515;8004;4;0;511;943;937;934;879;
2017-04-17;11:23:28:9515;8014;4;0;513;942;938;934;880;
2017-04-17;11:23:28:9689;8024;4;0;514;942;938;934;880;
2017-04-17;11:23:28:9689;8034;4;0;515;943;938;934;881;
2017-04-17;11:23:28:9852;8044;3;0;515;942;938;933;882;
2017-04-17;11:23:29:0154;8054;4;0;515;943;938;933;884;
2017-04-17;11:23:29:0154;8064;4;0;516;942;939;934;885;
2017-04-17;11:23:29:0154;8074;4;0;516;942;939;933;887;
2017-04-17;11:23:29:0353;8084;3;0;517;942;939;933;888;
2017-04-17;11:23:29:0353;8094;4;0;516;942;940;933;891;
2017-04-17;11:23:29:0526;8104;4;0;514;942;939;933;893;
2017-04-17;11:23:29:0526;8114;5;0;514;942;940;933;895;
2017-04-17;11:23:29:0693;8124;4;0;513;942;940;933;896;
2017-04-17;11:23:29:1063;8134;4;0;512;941;940;933;898;
2017-04-17;11:23:29:1063;8144;3;0;512;941;941;932;899;
2017-04-17;11:23:29:1064;8154;4;0;513;941;941;932;900;
2017-04-17;11:23:29:1064;8164;3;0;513;941;941;932;902;
2017-04-17;11:23:29:1064;8174;4;0;515;940;941;932;904;
2017-04-17;11:23:29:1313;8184;4;0;514;940;941;932;906;
2017-04-17;11:23:29:1313;8194;6;0;515;939;941;932;907;
2017-04-17;11:23:29:1518;8204;4;0;514;939;942;932;909;
2017-04-17;11:23:29:1518;8214;5;0;514;937;941;932;911;
2017-04-17;11:23:29:1691;8224;4;0;515;937;942;932;913;
2017-04-17;11:23:29:1691;8235;5;0;515;935;942;932;915;
2017-04-17;11:23:29:1856;8245;5;0;513;934;941;932;917;
2017-04-17;11:23:29:2163;8255;4;0;513;933;942;932;919;
2017-04-17;11:23:29:2163;8265;4;0;512;932;942;932;921;
2017-04-17;11:23:29:2164;8275;6;0;513;931;942;932;922;
2017-04-17;11:23:29:2354;8285;4;0;514;930;942;931;923;
2017-04-17;11:23:29:2355;8295;6;0;514;929;943;931;924;
2017-04-17;11:23:29:2530;8305;5;0;514;928;942;931;925;
2017-04-17;11:23:29:2531;8315;7;0;514;927;943;931;926;
2017-04-17;11:23:29:2708;8325;5;0;513;925;943;931;927;
2017-04-17;11:23:29:2709;8335;6;0;514;924;943;931;928;
2017-04-17;11:23:29:2994;8345;6;0;515;923;942;930;928;
2017-04-17;11:23:29:2994;8355;6;0;516;922;942;930;930;
2017-04-17;11:23:29:2994;8365;5;0;516;921;943;930;931;
2017-04-17;11:23:29:3165;8375;6;0;516;920;942;930;931;
2017-04-17;11:23:29:3370;8385;5;0;516;920;943;929;931;
2017-04-17;11:23:29:3370;8395;4;0;516;920;943;929;932;
2017-04-17;11:23:29:3541;8406;3;0;517;919;943;928;932;
2017-04-17;11:23:29:3542;8416;4;0;517;918;943;927;932;
2017-04-17;11:23:29:3835;8426;4;0;517;918;944;927;932;
2017-04-17;11:23:29:3835;8436;5;0;515;917;944;927;933;
2017-04-17;11:23:29:3835;8446;4;0;514;915;943;925;933;
2017-04-17;11:23:29:4010;8456;5;0;514;915;944;926;934;
2017-04-17;11:23:29:4010;8466;4;0;513;913;944;925;933;
2017-04-17;11:23:29:4175;8476;4;0;512;912;944;925;934;
2017-04-17;11:23:29:4371;8486;3;0;512;910;943;924;934;
2017-04-17;11:23:29:4371;8496;4;0;513;908;944;924;935;
2017-04-17;11:23:29:4672;8506;4;0;513;906;944;924;935;
2017-04-17;11:23:29:4672;8516;5;0;514;904;944;924;936;
2017-04-17;11:23:29:4672;8526;4;0;513;901;944;924;937;
2017-04-17;11:23:29:4673;8536;6;0;514;900;944;923;937;
2017-04-17;11:23:29:4847;8546;5;0;515;897;944;924;938;
2017-04-17;11:23:29:5051;8556;7;0;515;896;944;923;938;
2017-04-17;11:23:29:5051;8566;5;0;516;894;943;923;938;
2017-04-17;11:23:29:5306;8576;6;0;516;893;944;922;938;
2017-04-17;11:23:29:5307;8586;4;0;517;893;944;922;938;
2017-04-17;11:23:29:5307;8596;5;0;517;893;943;922;938;
2017-04-17;11:23:29:5544;8606;5;0;516;894;943;921;938;
2017-04-17;11:23:29:5545;8616;6;0;514;895;944;921;938;
2017-04-17;11:23:29:5719;8626;5;0;514;895;943;921;938;
2017-04-17;11:23:29:5719;8636;7;0;515;897;944;921;938;
2017-04-17;11:23:29:5988;8646;6;0;516;897;943;921;938;
2017-04-17;11:23:29:5988;8656;6;0;517;899;944;921;938;
2017-04-17;11:23:29:5988;8666;5;0;517;899;943;921;937;
2017-04-17;11:23:29:6196;8676;6;0;516;900;943;921;937;
2017-04-17;11:23:29:6197;8686;5;0;516;901;943;921;937;
2017-04-17;11:23:29:6374;8696;5;0;516;903;943;922;937;
2017-04-17;11:23:29:6531;8706;4;0;515;904;943;922;937;
2017-04-17;11:23:29:6532;8716;5;0;516;904;942;922;936;
2017-04-17;11:23:29:6831;8726;4;0;515;906;943;923;937;
2017-04-17;11:23:29:6831;8736;5;0;516;906;942;923;937;
2017-04-17;11:23:29:6831;8747;5;0;517;906;942;923;937;
2017-04-17;11:23:29:7004;8757;6;0;517;906;942;924;936;
2017-04-17;11:23:29:7004;8767;5;0;515;907;941;924;936;
2017-04-17;11:23:29:7218;8777;6;0;514;907;941;925;937;
2017-04-17;11:23:29:7219;8787;5;0;512;907;941;925;937;
2017-04-17;11:23:29:7466;8797;6;0;512;906;941;925;937;
2017-04-17;11:23:29:7467;8807;5;0;514;906;940;925;936;
2017-04-17;11:23:29:7677;8817;6;0;515;906;940;926;936;
2017-04-17;11:23:29:7678;8827;5;0;517;906;939;926;936;
2017-04-17;11:23:29:7851;8837;6;0;517;906;939;926;936;
2017-04-17;11:23:29:7852;8847;6;0;517;906;939;927;936;
2017-04-17;11:23:29:8022;8857;6;967;518;906;939;927;936;
2017-04-17;11:23:29:8348;8867;4;0;519;906;939;928;936;
2017-04-17;11:23:29:8348;8877;5;0;518;905;938;927;936;
2017-04-17;11:23:29:8348;8887;4;0;519;906;939;928;936;
2017-04-17;11:23:29:8348;8897;5;0;519;906;939;927;936;
2017-04-17;11:23:29:8524;8907;4;0;518;907;939;928;936;
2017-04-17;11:23:29:8524;8918;5;0;516;907;939;928;936;
2017-04-17;11:23:29:8692;8928;4;0;516;907;939;927;936;
2017-04-17;11:23:29:8986;8938;4;0;515;908;939;927;936;
2017-04-17;11:23:29:8986;8948;4;0;514;908;940;927;936;
2017-04-17;11:23:29:8986;8958;5;0;516;908;940;927;935;
2017-04-17;11:23:29:9196;8968;5;0;516;908;940;927;936;
2017-04-17;11:23:29:9196;8978;5;0;517;909;940;927;935;
2017-04-17;11:23:29:9375;8988;4;0;517;909;940;927;935;
2017-04-17;11:23:29:9376;8998;4;0;517;909;940;926;935;
2017-04-17;11:23:29:9538;9008;4;0;515;909;940;927;935;
2017-04-17;11:23:29:9538;9018;4;0;514;908;940;927;935;
2017-04-17;11:23:29:9829;9028;4;0;513;908;940;926;935;
2017-04-17;11:23:29:9829;9038;4;0;511;908;940;927;936;
2017-04-17;11:23:29:9829;9048;4;0;513;907;940;927;936;
2017-04-17;11:23:30:0004;9058;5;0;513;907;940;927;936;
2017-04-17;11:23:30:0217;9068;5;0;512;906;940;927;936;
2017-04-17;11:23:30:0218;9078;5;0;512;905;940;928;937;
2017-04-17;11:23:30:0218;9088;5;0;513;903;940;928;937;
2017-04-17;11:23:30:0509;9098;5;0;515;901;940;928;937;
2017-04-17;11:23:30:0509;9108;5;0;516;900;940;928;937;
2017-04-17;11:23:30:0688;9118;5;0;517;898;940;927;937;
2017-04-17;11:23:30:0688;9128;4;0;519;897;940;927;937;
2017-04-17;11:23:30:0856;9138;4;0;520;896;939;928;937;
2017-04-17;11:23:30:0857;9148;4;0;521;895;940;928;937;
2017-04-17;11:23:30:1151;9158;5;0;521;895;940;928;937;
2017-04-17;11:23:30:1152;9168;5;0;519;895;940;927;937;
2017-04-17;11:23:30:1152;9178;6;0;519;895;940;927;937;
2017-04-17;11:23:30:1362;9188;4;0;517;895;940;927;937;
2017-04-17;11:23:30:1362;9198;5;0;516;895;940;927;937;
2017-04-17;11:23:30:1536;9208;4;0;513;894;940;927;937;
2017-04-17;11:23:30:1536;9218;4;0;512;894;940;927;937;
2017-04-17;11:23:30:1823;9228;4;0;513;894;939;927;937;
2017-04-17;11:23:30:1823;9238;5;0;513;894;939;927;937;
2017-04-17;11:23:30:1999;9248;5;0;513;894;939;927;937;
2017-04-17;11:23:30:1999;9259;5;0;511;894;939;927;937;
2017-04-17;11:23:30:2216;9269;4;0;511;894;939;928;937;
2017-04-17;11:23:30:2217;9279;6;0;512;894;939;928;937;
2017-04-17;11:23:30:2511;9289;5;0;513;894;939;928;937;
2017-04-17;11:23:30:2511;9299;5;0;513;894;938;928;937;
2017-04-17;11:23:30:2511;9309;6;0;515;894;938;928;937;
2017-04-17;11:23:30:2682;9319;5;0;515;895;938;928;937;
2017-04-17;11:23:30:2682;9329;5;0;515;895;938;929;938;
2017-04-17;11:23:30:2865;9339;6;0;516;894;937;929;937;
2017-04-17;11:23:30:2865;9349;5;0;516;895;937;930;938;
2017-04-17;11:23:30:3150;9359;5;500;516;895;937;930;938;
2017-04-17;11:23:30:3150;9369;5;0;516;894;937;930;938;
2017-04-17;11:23:30:3150;9379;5;0;516;894;937;930;938;
2017-04-17;11:23:30:3355;9389;5;0;516;894;936;930;938;
2017-04-17;11:23:30:3355;9399;5;0;514;894;936;930;938;
2017-04-17;11:23:30:3528;9409;5;0;512;894;936;930;938;
2017-04-17;11:23:30:3694;9419;4;0;511;893;936;931;938;
2017-04-17;11:23:30:3694;9430;4;0;511;893;936;931;938;
2017-04-17;11:23:30:4001;9440;4;0;511;892;936;931;938;
2017-04-17;11:23:30:4001;9450;4;0;511;892;936;931;938;
2017-04-17;11:23:30:4002;9460;4;0;512;891;936;931;938;
2017-04-17;11:23:30:4198;9470;4;0;513;891;936;931;938;
2017-04-17;11:23:30:4199;9480;4;0;513;890;936;931;938;
2017-04-17;11:23:30:4504;9490;4;0;514;891;936;931;938;
2017-04-17;11:23:30:4504;9500;5;0;515;890;936;931;938;
2017-04-17;11:23:30:4505;9510;5;0;515;890;936;931;938;
2017-04-17;11:23:30:4687;9520;5;0;515;891;936;931;937;
2017-04-17;11:23:30:4687;9530;4;0;516;891;936;931;937;
2017-04-17;11:23:30:4918;9540;6;0;517;890;936;931;937;
2017-04-17;11:23:30:4919;9550;5;0;517;890;936;931;937;
2017-04-17;11:23:32:7241;9560;5;0;518;889;935;931;937;
2017-04-17;11:23:32:7242;9570;5;0;518;888;935;931;937;
2017-04-17;11:23:32:7243;9580;5;0;518;886;935;931;937;
2017-04-17;11:23:32:7243;9590;5;0;517;885;935;931;938;
2017-04-17;11:23:32:7243;9600;6;0;518;884;935;931;938;
2017-04-17;11:23:32:7243;9610;5;0;518;883;935;931;938;
2017-04-17;11:23:32:7244;9620;5;0;518;883;935;931;938;
2017-04-17;11:23:32:7244;9630;5;0;518;882;935;932;938;
2017-04-17;11:23:32:7244;9640;4;0;519;882;935;931;938;
2017-04-17;11:23:32:7244;9650;4;0;518;882;935;932;938;
2017-04-17;11:23:32:7244;9660;5;0;518;881;934;932;938;
2017-04-17;11:23:32:7245;9670;5;0;517;880;934;932;938;
2017-04-17;11:23:32:7245;9680;5;0;516;880;934;932;938;
2017-04-17;11:23:32:7245;9690;4;0;516;881;935;932;938;
2017-04-17;11:23:32:7245;9700;5;0;517;880;934;932;938;
2017-04-17;11:23:32:7246;9710;4;0;516;881;935;932;938;
2017-04-17;11:23:32:7246;9720;5;0;515;881;935;931;938;
2017-04-17;11:23:32:7246;9730;5;0;515;881;935;932;938;
2017-04-17;11:23:32:7246;9740;5;0;515;881;935;931;938;
2017-04-17;11:23:32:7246;9750;5;0;514;882;935;931;938;
2017-04-17;11:23:32:7247;9760;4;0;513;881;935;931;938;
2017-04-17;11:23:32:7247;9771;4;0;513;882;935;931;938;
2017-04-17;11:23:32:7247;9781;4;0;511;882;935;931;938;
2017-04-17;11:23:32:7247;9791;5;0;509;882;935;931;938;
2017-04-17;11:23:32:7247;9801;4;0;508;881;935;930;938;
2017-04-17;11:23:32:7248;9811;5;0;508;880;936;930;939;
2017-04-17;11:23:32:7248;9821;4;0;507;880;936;930;938;
2017-04-17;11:23:32:7248;9831;5;0;507;879;936;930;939;
2017-04-17;11:23:32:7248;9841;5;0;507;878;936;930;938;
2017-04-17;11:23:32:7248;9851;6;0;507;878;936;930;939;
2017-04-17;11:23:32:7249;9861;6;0;507;877;936;929;939;
2017-04-17;11:23:32:7249;9871;6;0;508;876;937;930;939;
2017-04-17;11:23:32:8983;9881;7;0;509;876;937;929;939;
2017-04-17;11:23:32:8983;9891;7;0;509;875;937;930;939;
2017-04-17;11:23:32:8984;9901;6;0;510;873;937;929;939;
2017-04-17;11:23:32:8984;9911;6;0;509;873;937;930;939;
2017-04-17;11:23:32:8984;9921;5;0;509;873;937;930;939;
2017-04-17;11:23:32:8985;9931;6;0;509;873;937;930;939;
2017-04-17;11:23:32:8985;9942;6;0;509;874;936;930;939;
2017-04-17;11:23:32:8985;9952;6;0;510;875;937;930;939;
2017-04-17;11:23:32:8986;9962;5;0;509;875;936;930;939;
2017-04-17;11:23:32:8986;9972;5;0;510;876;937;930;939;
2017-04-17;11:23:32:8987;9982;6;0;511;877;936;930;939;
2017-04-17;11:23:32:8987;9992;6;0;512;878;936;930;939;
2017-04-17;11:23:32:8988;10002;5;0;514;879;936;930;939;
2017-04-17;11:23:32:8988;10012;5;0;515;880;936;930;939;
2017-04-17;11:23:32:8989;10022;4;0;518;880;936;930;939;
2017-04-17;11:23:32:8989;10032;4;0;518;881;936;930;939;
2017-04-17;11:23:32:8990;10042;4;0;517;881;936;930;939;
2017-04-17;11:23:32:8990;10052;4;0;517;881;936;930;939;
2017-04-17;11:23:32:8991;10062;4;0;516;881;936;931;939;
2017-04-17;11:23:32:8992;10072;5;0;516;881;936;931;939;
2017-04-17;11:23:32:8993;10082;4;0;516;881;936;931;939;
2017-04-17;11:23:32:8993;10092;4;0;516;881;935;931;939;
2017-04-17;11:23:32:8994;10102;4;0;517;880;935;931;938;
2017-04-17;11:23:32:8995;10112;4;752;520;878;935;931;939;
2017-04-17;11:23:32:8995;10122;4;0;520;875;934;931;939;
2017-04-17;11:23:32:8996;10132;4;0;522;873;934;932;939;
2017-04-17;11:23:32:8997;10142;4;0;521;870;934;931;939;
2017-04-17;11:23:32:8997;10152;3;0;519;868;934;931;939;
2017-04-17;11:23:32:8998;10162;4;0;520;866;933;931;939;
2017-04-17;11:23:32:8998;10172;5;0;520;865;934;932;940;
2017-04-17;11:23:32:8999;10182;6;0;519;861;933;931;939;
2017-04-17;11:23:32:9329;10192;5;0;520;860;934;932;940;
2017-04-17;11:23:32:9330;10202;5;0;519;857;933;932;940;
2017-04-17;11:23:32:9330;10212;4;0;518;856;933;932;940;
2017-04-17;11:23:32:9330;10222;4;0;517;853;933;931;940;
2017-04-17;11:23:32:9330;10232;5;0;517;852;934;932;940;
2017-04-17;11:23:32:9331;10242;5;0;517;851;934;931;940;
2017-04-17;11:23:32:9331;10252;6;0;517;851;934;932;940;
2017-04-17;11:23:32:9331;10262;5;0;516;852;934;931;940;
2017-04-17;11:23:32:9331;10272;5;0;517;854;935;931;940;
2017-04-17;11:23:32:9331;10283;6;0;517;854;934;930;940;
2017-04-17;11:23:32:9332;10293;6;0;515;855;935;930;940;
2017-04-17;11:23:32:9334;10303;5;0;514;856;935;930;939;
2017-04-17;11:23:32:9334;10313;7;0;513;859;935;930;940;
2017-04-17;11:23:32:9335;10323;5;0;513;859;935;930;940;
2017-04-17;11:23:32:9335;10333;6;0;512;860;935;930;940;
2017-04-17;11:23:32:9335;10343;6;0;513;859;935;930;940;
2017-04-17;11:23:32:9335;10353;7;0;513;861;935;931;940;
2017-04-17;11:23:32:9335;10363;5;0;513;860;935;930;940;
2017-04-17;11:23:32:9335;10373;6;0;513;859;935;931;940;
2017-04-17;11:23:32:9336;10383;6;0;512;859;935;931;940;
2017-04-17;11:23:32:9336;10393;6;0;512;860;935;930;940;
2017-04-17;11:23:32:9336;10403;6;0;513;860;935;931;940;
2017-04-17;11:23:32:9336;10413;6;0;513;860;935;931;940;
2017-04-17;11:23:32:9337;10423;7;0;513;859;935;931;940;
2017-04-17;11:23:32:9338;10433;7;0;514;859;934;932;940;
2017-04-17;11:23:32:9338;10443;7;0;515;859;934;931;940;
2017-04-17;11:23:32:9338;10454;8;0;516;858;934;931;940;
2017-04-17;11:23:32:9338;10464;6;0;516;854;934;932;940;
2017-04-17;11:23:32:9338;10474;7;0;516;854;934;932;941;
2017-04-17;11:23:32:9339;10484;6;0;515;852;933;932;940;
2017-04-17;11:23:32:9339;10494;6;0;515;854;934;933;940;
2017-04-17;11:23:32:9640;10504;6;0;514;853;933;932;940;
2017-04-17;11:23:32:9640;10514;7;0;514;853;933;932;940;
2017-04-17;11:23:32:9640;10524;6;0;514;854;933;931;940;
2017-04-17;11:23:32:9641;10534;7;0;514;854;934;932;940;
2017-04-17;11:23:32:9641;10544;7;0;515;853;933;932;940;
2017-04-17;11:23:32:9641;10554;7;0;516;855;933;932;940;
2017-04-17;11:23:32:9641;10564;6;0;514;855;933;932;940;
2017-04-17;11:23:32:9641;10574;7;0;514;854;933;932;940;
2017-04-17;11:23:32:9642;10584;6;0;514;855;932;932;940;
2017-04-17;11:23:32:9642;10594;7;0;514;855;933;932;940;
2017-04-17;11:23:32:9642;10604;6;0;513;854;932;933;940;
2017-04-17;11:23:32:9642;10614;7;0;512;855;933;932;940;
2017-04-17;11:23:32:9642;10624;6;0;514;854;933;932;940;
2017-04-17;11:23:32:9642;10634;7;0;514;854;933;933;940;
2017-04-17;11:23:32:9643;10644;6;0;513;851;933;933;940;
2017-04-17;11:23:32:9643;10654;6;0;513;850;933;932;940;
2017-04-17;11:23:32:9643;10664;5;0;512;846;934;932;940;
2017-04-17;11:23:32:9643;10674;7;0;512;843;934;932;940;
2017-04-17;11:23:32:9643;10684;5;0;511;841;933;932;940;
2017-04-17;11:23:32:9643;10694;6;0;511;841;934;932;941;
2017-04-17;11:23:32:9643;10704;5;0;511;841;934;931;941;
2017-04-17;11:23:32:9644;10714;7;0;511;842;934;932;941;
2017-04-17;11:23:32:9644;10724;6;0;509;843;934;931;941;
2017-04-17;11:23:32:9644;10734;6;0;510;845;935;932;941;
2017-04-17;11:23:32:9644;10744;6;0;511;846;935;932;940;
2017-04-17;11:23:32:9644;10754;6;0;513;848;936;932;940;
2017-04-17;11:23:32:9644;10764;5;0;514;851;936;931;941;
2017-04-17;11:23:32:9645;10774;6;0;515;852;936;931;941;
2017-04-17;11:23:32:9645;10784;5;0;514;853;936;931;940;
2017-04-17;11:23:32:9645;10795;6;0;514;856;936;931;940;
2017-04-17;11:23:32:9645;10805;5;0;513;858;936;931;940;
2017-04-17;11:23:32:9952;10815;6;0;515;860;936;931;940;
2017-04-17;11:23:32:9953;10825;5;0;515;863;936;931;939;
2017-04-17;11:23:32:9953;10835;6;0;516;866;936;930;940;
2017-04-17;11:23:32:9953;10845;5;0;517;868;936;930;940;
2017-04-17;11:23:32:9953;10855;8;0;518;870;936;930;940;
2017-04-17;11:23:32:9954;10865;6;0;516;873;936;930;939;
2017-04-17;11:23:32:9954;10875;7;0;517;876;936;931;939;
2017-04-17;11:23:32:9954;10885;5;0;517;877;936;931;939;
2017-04-17;11:23:32:9954;10895;6;0;517;880;937;931;939;
2017-04-17;11:23:32:9955;10905;4;0;516;882;937;931;938;
2017-04-17;11:23:32:9955;10915;6;0;515;884;937;930;938;
2017-04-17;11:23:32:9955;10925;6;0;514;886;937;930;938;
2017-04-17;11:23:32:9955;10935;6;0;514;888;938;930;938;
2017-04-17;11:23:32:9956;10945;6;0;510;889;938;929;937;
2017-04-17;11:23:32:9956;10955;7;0;511;890;938;929;937;
2017-04-17;11:23:32:9956;10966;6;0;511;891;938;929;937;
2017-04-17;11:23:32:9956;10976;7;0;510;891;938;929;937;
2017-04-17;11:23:32:9956;10986;5;0;509;893;938;929;937;
2017-04-17;11:23:32:9957;10996;7;0;511;894;939;929;936;
2017-04-17;11:23:32:9957;11006;6;0;511;895;938;930;936;
2017-04-17;11:23:32:9957;11016;7;0;512;896;938;930;936;
2017-04-17;11:23:32:9958;11026;6;0;512;895;938;929;936;
2017-04-17;11:23:32:9958;11036;7;0;513;895;938;930;936;
2017-04-17;11:23:32:9958;11046;5;0;513;895;938;931;936;
2017-04-17;11:23:32:9958;11056;6;0;513;894;937;930;936;
2017-04-17;11:23:32:9958;11066;5;0;513;894;937;931;936;
2017-04-17;11:23:32:9958;11076;7;0;512;893;937;931;937;
2017-04-17;11:23:32:9958;11086;5;0;513;893;937;932;936;
2017-04-17;11:23:32:9959;11096;6;0;514;892;936;932;937;
2017-04-17;11:23:32:9959;11106;5;0;513;892;936;932;936;
2017-04-17;11:23:32:9959;11116;6;0;512;891;936;932;937;
2017-04-17;11:23:33:0268;11126;4;0;513;890;936;932;937;
2017-04-17;11:23:33:0268;11136;6;0;514;890;936;933;937;
2017-04-17;11:23:33:0268;11146;5;0;515;888;936;932;938;
2017-04-17;11:23:33:0269;11156;6;0;516;889;936;932;937;
2017-04-17;11:23:33:0269;11166;5;0;516;888;936;932;938;
2017-04-17;11:23:33:0269;11176;5;0;517;888;936;932;938;
2017-04-17;11:23:33:0269;11186;4;0;517;889;936;932;938;
2017-04-17;11:23:33:0270;11196;6;0;516;889;937;932;938;
2017-04-17;11:23:33:0270;11206;4;0;515;889;937;931;938;
2017-04-17;11:23:33:0270;11216;6;0;515;890;937;931;937;
2017-04-17;11:23:33:0270;11226;5;0;514;890;937;931;937;
2017-04-17;11:23:33:0271;11236;5;0;513;889;937;930;937;
2017-04-17;11:23:33:0271;11246;5;0;513;889;937;929;937;
2017-04-17;11:23:33:0271;11256;6;0;514;891;938;930;937;
2017-04-17;11:23:33:0271;11266;5;0;513;891;938;929;937;
2017-04-17;11:23:33:0271;11276;7;0;512;892;939;929;937;
2017-04-17;11:23:33:0272;11286;6;0;510;892;938;929;937;
2017-04-17;11:23:33:0272;11296;7;0;511;892;938;928;937;
2017-04-17;11:23:33:0272;11307;5;0;510;892;938;929;938;
2017-04-17;11:23:33:0272;11317;6;0;513;891;939;929;938;
2017-04-17;11:23:33:0273;11327;5;0;513;890;938;929;938;
2017-04-17;11:23:33:0273;11337;6;0;515;891;938;929;938;
2017-04-17;11:23:33:0273;11347;5;0;516;890;938;929;938;
2017-04-17;11:23:33:0273;11357;5;0;517;890;938;930;938;
2017-04-17;11:23:33:0273;11367;5;0;517;891;938;930;938;
2017-04-17;11:23:33:0274;11377;6;0;517;891;938;930;939;
2017-04-17;11:23:33:0274;11387;5;0;516;892;938;931;938;
2017-04-17;11:23:33:0274;11397;5;0;516;893;939;931;938;
2017-04-17;11:23:33:0274;11407;4;0;515;893;938;931;938;
2017-04-17;11:23:33:0274;11417;6;0;514;894;938;931;938;
2017-04-17;11:23:33:0275;11427;4;0;513;895;938;931;938;
2017-04-17;11:23:33:0507;11437;6;0;512;896;938;930;937;
2017-04-17;11:23:33:0508;11447;5;0;512;897;938;930;937;
2017-04-17;11:23:33:0509;11457;6;0;513;897;938;931;937;
2017-04-17;11:23:33:0510;11467;4;0;514;899;938;931;936;
2017-04-17;11:23:33:0510;11478;5;0;514;898;938;931;936;
2017-04-17;11:23:33:0511;11488;4;0;513;898;938;931;936;
2017-04-17;11:23:33:0512;11498;6;0;513;899;938;931;936;
2017-04-17;11:23:33:0513;11508;5;0;513;899;938;931;936;
2017-04-17;11:23:33:0514;11518;6;0;513;899;938;931;936;
2017-04-17;11:23:33:0514;11528;6;0;513;899;938;931;937;
2017-04-17;11:23:33:0515;11538;7;0;515;898;938;931;937;
2017-04-17;11:23:33:0516;11548;5;0;516;898;938;931;937;
2017-04-17;11:23:33:0516;11558;6;0;518;897;938;931;937;
2017-04-17;11:23:33:0517;11568;5;0;518;896;938;931;937;
2017-04-17;11:23:33:0518;11578;6;1463;518;896;938;931;937;
2017-04-17;11:23:33:0519;11588;5;0;517;895;938;931;938;
2017-04-17;11:23:33:0519;11598;5;0;517;894;938;931;938;
2017-04-17;11:23:33:0520;11608;4;0;516;894;938;931;938;
2017-04-17;11:23:33:0520;11618;6;0;516;894;938;931;938;
2017-04-17;11:23:33:0520;11628;5;0;515;893;938;931;938;
2017-04-17;11:23:33:0522;11638;7;0;515;893;938;930;938;
2017-04-17;11:23:33:0522;11648;6;0;514;892;938;931;938;
2017-04-17;11:23:33:0522;11658;7;0;515;893;938;930;937;
2017-04-17;11:23:33:0522;11668;5;0;513;892;938;931;938;
2017-04-17;11:23:33:0522;11678;6;0;512;893;938;930;937;
2017-04-17;11:23:33:0523;11688;4;0;511;893;938;930;938;
2017-04-17;11:23:33:0523;11698;6;0;512;894;938;930;938;
2017-04-17;11:23:33:0523;11708;5;0;513;894;938;930;938;
2017-04-17;11:23:33:0523;11718;6;0;513;894;938;931;937;
2017-04-17;11:23:33:0523;11728;5;0;513;894;938;931;937;
2017-04-17;11:23:33:0526;11738;6;0;513;894;938;931;938;
2017-04-17;11:23:33:0818;11748;4;0;513;895;938;931;938;
2017-04-17;11:23:33:0818;11758;6;0;515;895;938;931;937;
2017-04-17;11:23:33:0818;11768;6;0;514;895;938;931;938;
2017-04-17;11:23:33:0819;11778;6;0;515;894;938;931;938;
2017-04-17;11:23:33:0819;11788;5;0;516;895;938;932;938;
2017-04-17;11:23:33:0819;11798;6;0;517;894;937;931;938;
2017-04-17;11:23:33:0820;11808;5;0;516;894;937;931;938;
2017-04-17;11:23:33:0820;11819;6;0;516;894;937;932;938;
2017-04-17;11:23:33:0820;11829;5;0;514;893;937;932;938;
2017-04-17;11:23:33:0820;11839;5;0;513;893;937;932;938;
2017-04-17;11:23:33:0820;11849;5;0;512;892;937;932;938;
2017-04-17;11:23:33:0821;11859;6;0;512;891;937;932;938;
2017-04-17;11:23:33:0821;11869;5;0;512;891;937;932;938;
2017-04-17;11:23:33:0821;11879;6;0;513;891;937;932;938;
2017-04-17;11:23:33:0821;11889;5;0;512;891;937;932;938;
2017-04-17;11:23:33:0821;11899;7;0;513;891;936;932;938;
2017-04-17;11:23:33:0822;11909;7;0;514;891;936;932;938;
2017-04-17;11:23:33:0822;11919;7;0;515;892;936;932;937;
2017-04-17;11:23:33:0822;11929;6;0;515;892;937;932;938;
2017-04-17;11:23:33:0822;11939;7;0;517;893;936;932;938;
2017-04-17;11:23:33:0822;11949;6;0;516;893;936;932;938;
2017-04-17;11:23:33:0822;11959;6;0;516;894;937;932;937;
2017-04-17;11:23:33:0823;11969;4;0;517;894;937;932;937;
2017-04-17;11:23:33:0823;11979;6;401;516;894;937;932;937;
2017-04-17;11:23:33:0823;11990;5;0;515;895;937;932;937;
2017-04-17;11:23:33:0823;12000;5;0;515;894;937;932;937;
2017-04-17;11:23:33:0823;12010;5;0;514;894;937;932;937;
2017-04-17;11:23:33:0824;12020;6;0;514;894;937;932;937;
2017-04-17;11:23:33:0824;12030;5;0;514;894;937;932;937;
2017-04-17;11:23:33:0824;12040;6;0;515;894;937;932;937;
2017-04-17;11:23:33:0825;12050;5;0;516;893;937;932;937;
2017-04-17;11:23:33:1146;12060;6;0;517;892;937;932;937;
2017-04-17;11:23:33:1147;12070;5;0;517;891;937;932;938;
2017-04-17;11:23:33:1147;12080;6;0;517;889;937;932;937;
2017-04-17;11:23:33:1147;12090;5;0;519;889;937;933;938;
2017-04-17;11:23:33:1147;12100;6;0;521;887;936;932;938;
2017-04-17;11:23:33:1147;12110;6;0;520;885;936;933;938;
2017-04-17;11:23:33:1147;12120;7;0;520;884;936;933;938;
2017-04-17;11:23:33:1148;12130;6;0;518;883;936;933;938;
2017-04-17;11:23:33:1148;12140;8;0;516;883;936;933;938;
2017-04-17;11:23:33:1148;12150;6;0;513;882;936;933;938;
2017-04-17;11:23:33:1148;12160;6;0;512;882;936;933;938;
2017-04-17;11:23:33:1148;12170;5;0;511;882;936;933;938;
2017-04-17;11:23:33:1467;12180;6;0;510;882;936;933;938;
2017-04-17;11:23:33:1467;12190;6;0;510;882;936;933;938;
2017-04-17;11:23:33:1468;12200;6;0;511;882;936;933;938;
2017-04-17;11:23:33:1468;12210;5;0;512;883;936;933;938;
2017-04-17;11:23:33:1788;12220;6;0;513;882;936;932;938;
2017-04-17;11:23:33:1788;12230;7;0;513;883;936;933;938;
2017-04-17;11:23:33:1788;12240;7;0;514;882;936;933;938;
2017-04-17;11:23:33:1962;12250;6;0;513;882;936;933;938;
2017-04-17;11:23:33:1962;12260;7;0;514;882;936;932;938;
2017-04-17;11:23:33:2342;12270;6;0;515;882;936;933;938;
2017-04-17;11:23:33:2343;12280;6;0;514;882;936;933;938;
2017-04-17;11:23:33:2343;12290;5;0;514;882;937;933;938;
2017-04-17;11:23:33:2665;12300;5;0;514;882;936;933;938;
2017-04-17;11:23:33:2666;12310;5;0;513;882;936;933;938;
2017-04-17;11:23:33:2666;12320;6;0;513;882;936;933;938;
2017-04-17;11:23:33:2666;12331;5;0;514;882;936;933;938;
2017-04-17;11:23:33:2956;12341;6;0;514;883;937;933;938;
2017-04-17;11:23:33:2956;12351;5;0;514;883;937;933;938;
2017-04-17;11:23:33:3180;12361;6;0;513;883;936;933;938;
2017-04-17;11:23:33:3181;12371;6;0;511;884;937;933;938;
2017-04-17;11:23:33:3181;12381;7;0;511;884;936;933;938;
2017-04-17;11:23:33:3498;12391;5;0;512;885;936;933;938;
2017-04-17;11:23:33:3498;12401;5;0;512;886;936;932;937;
2017-04-17;11:23:33:3498;12411;4;0;512;887;936;933;938;
2017-04-17;11:23:33:3829;12422;5;0;512;887;936;933;937;
2017-04-17;11:23:33:3830;12432;5;0;514;888;937;933;937;
2017-04-17;11:23:33:3830;12442;5;0;515;888;936;933;937;
2017-04-17;11:23:33:4151;12452;5;0;515;888;936;933;938;
2017-04-17;11:23:33:4152;12462;5;0;515;888;936;933;937;
2017-04-17;11:23:33:4152;12472;5;0;515;889;937;933;937;
2017-04-17;11:23:33:4467;12482;6;0;515;888;936;933;937;
2017-04-17;11:23:33:4468;12492;6;0;515;889;937;933;938;
2017-04-17;11:23:33:4468;12502;6;0;515;888;936;932;937;
2017-04-17;11:23:33:4781;12512;6;0;516;888;937;933;938;
2017-04-17;11:23:33:4781;12522;5;0;515;888;936;932;937;
2017-04-17;11:23:33:4782;12532;5;0;514;888;937;933;938;
2017-04-17;11:23:33:4782;12542;6;0;513;887;936;933;938;
2017-04-17;11:23:33:4952;12552;6;0;512;887;937;933;938;
2017-04-17;11:23:33:5332;12562;6;0;512;887;936;932;938;
2017-04-17;11:23:33:5333;12572;6;0;513;887;937;933;938;
2017-04-17;11:23:33:5333;12582;6;0;512;887;936;933;938;
2017-04-17;11:23:33:5333;12592;6;0;512;887;937;933;938;
2017-04-17;11:23:33:5957;12602;6;0;513;886;936;933;938;
2017-04-17;11:23:33:5957;12612;6;0;512;886;936;933;938;
2017-04-17;11:23:33:5958;12622;5;0;513;886;936;933;938;
2017-04-17;11:23:33:5958;12632;5;0;514;886;937;933;938;
2017-04-17;11:23:33:5958;12642;5;667;517;886;936;932;938;
2017-04-17;11:23:33:5958;12652;5;0;519;886;937;933;938;
2017-04-17;11:23:33:6125;12662;6;0;519;886;936;933;938;
2017-04-17;11:23:33:6126;12672;6;0;520;886;937;933;938;
2017-04-17;11:23:33:6496;12682;5;0;522;885;937;932;938;
2017-04-17;11:23:33:6496;12692;5;0;520;886;937;933;938;
2017-04-17;11:23:33:6496;12702;5;0;519;886;937;932;938;
2017-04-17;11:23:33:6496;12712;6;0;519;886;937;932;938;
2017-04-17;11:23:33:6797;12722;6;0;518;885;937;932;938;
2017-04-17;11:23:33:6797;12732;6;0;518;886;937;932;938;
2017-04-17;11:23:33:6797;12742;6;0;515;886;937;932;938;
2017-04-17;11:23:33:7112;12752;6;0;516;886;937;932;938;
2017-04-17;11:23:33:7112;12762;6;0;516;886;937;932;938;
2017-04-17;11:23:33:7112;12772;5;0;515;886;937;932;938;
2017-04-17;11:23:33:7287;12782;4;0;516;886;937;932;938;
2017-04-17;11:23:33:7287;12792;5;0;516;887;937;932;938;
2017-04-17;11:23:33:7652;12802;5;0;518;886;937;932;938;
2017-04-17;11:23:33:7652;12812;5;0;517;887;937;932;938;
2017-04-17;11:23:33:7652;12822;6;0;516;887;936;932;938;
2017-04-17;11:23:33:7986;12832;6;0;514;887;937;933;938;
2017-04-17;11:23:33:7987;12843;6;0;513;887;937;932;938;
2017-04-17;11:23:33:7987;12853;6;0;513;887;937;933;938;
2017-04-17;11:23:33:8308;12863;5;0;513;887;937;932;938;
2017-04-17;11:23:33:8308;12873;5;0;512;887;937;933;938;
2017-04-17;11:23:33:8309;12883;5;0;511;887;937;933;938;
2017-04-17;11:23:33:8309;12893;6;0;511;888;937;933;938;
2017-04-17;11:23:33:8627;12903;5;0;509;887;936;932;938;
2017-04-17;11:23:33:8628;12913;5;0;511;888;937;933;938;
2017-04-17;11:23:33:8628;12923;5;0;511;887;936;933;938;
2017-04-17;11:23:33:8800;12933;5;0;511;888;937;933;938;
2017-04-17;11:23:33:8800;12943;5;0;512;887;936;933;938;
2017-04-17;11:23:33:9239;12953;6;0;513;888;937;933;938;
2017-04-17;11:23:33:9239;12963;6;0;513;887;937;932;938;
2017-04-17;11:23:33:9239;12973;7;0;513;887;937;933;938;
2017-04-17;11:23:33:9239;12983;5;0;514;887;936;932;938;
2017-04-17;11:23:33:9484;12993;5;0;513;887;937;932;938;
2017-04-17;11:23:33:9484;13003;5;0;514;887;936;933;938;
2017-04-17;11:23:33:9484;13014;6;0;516;888;937;933;938;
2017-04-17;11:23:33:9782;13024;6;0;516;887;936;932;938;
2017-04-17;11:23:33:9783;13034;7;0;516;888;937;933;938;
2017-04-17;11:23:33:9971;13044;6;0;515;888;937;932;938;
2017-04-17;11:23:33:9972;13054;7;0;514;888;937;933;938;
2017-04-17;11:23:34:0324;13064;5;0;513;888;937;932;938;
2017-04-17;11:23:34:0324;13074;5;0;515;888;937;933;938;
2017-04-17;11:23:34:0324;13084;4;0;515;887;936;933;938;
2017-04-17;11:23:34:0324;13094;5;0;516;889;937;933;938;
2017-04-17;11:23:34:0628;13104;5;0;516;888;936;932;938;
2017-04-17;11:23:34:0628;13114;7;0;517;888;937;933;938;
2017-04-17;11:23:34:0629;13124;6;0;517;888;937;932;938;
2017-04-17;11:23:34:0800;13134;7;0;517;888;937;933;938;
2017-04-17;11:23:34:0801;13144;5;0;517;888;937;932;938;
2017-04-17;11:23:34:1161;13154;6;0;516;888;937;933;938;
2017-04-17;11:23:34:1161;13164;5;0;517;888;936;932;938;
2017-04-17;11:23:34:1161;13174;6;0;517;888;937;933;938;
2017-04-17;11:23:34:1467;13184;5;0;515;888;937;932;938;
2017-04-17;11:23:34:1468;13194;6;0;515;888;937;933;938;
2017-04-17;11:23:34:1468;13204;5;0;514;888;936;932;938;
2017-04-17;11:23:34:1639;13214;6;0;514;888;937;932;938;
2017-04-17;11:23:34:1639;13224;6;0;515;888;937;932;938;
2017-04-17;11:23:34:2004;13234;6;0;513;888;937;933;938;
2017-04-17;11:23:34:2004;13244;5;0;511;887;936;932;938;
2017-04-17;11:23:34:2004;13254;5;0;509;887;937;932;938;
2017-04-17;11:23:34:2272;13264;5;0;508;887;937;932;938;
2017-04-17;11:23:34:2272;13274;6;0;508;887;937;932;938;
2017-04-17;11:23:34:2272;13284;6;0;508;887;937;932;938;
2017-04-17;11:23:34:2447;13294;7;0;509;888;937;933;938;
2017-04-17;11:23:34:2448;13304;7;0;510;887;937;932;938;
2017-04-17;11:23:34:2678;13314;8;0;511;887;937;933;938;
2017-04-17;11:23:34:2679;13324;7;0;511;887;937;932;938;
2017-04-17;11:23:34:2962;13334;7;0;512;887;937;933;939;
2017-04-17;11:23:34:2963;13344;6;0;512;888;937;933;938;
2017-04-17;11:23:34:2963;13355;6;0;513;887;937;933;938;
2017-04-17;11:23:34:3315;13365;5;0;514;887;936;932;938;
2017-04-17;11:23:34:3316;13375;5;0;515;888;937;932;938;
2017-04-17;11:23:34:3317;13385;4;0;517;887;936;932;938;
2017-04-17;11:23:34:3633;13395;6;753;520;887;937;932;938;
2017-04-17;11:23:34:3634;13405;6;0;521;887;936;932;938;
2017-04-17;11:23:34:3634;13415;7;0;522;888;936;933;939;
2017-04-17;11:23:34:3634;13425;7;0;522;888;937;933;938;
2017-04-17;11:23:34:3803;13435;7;0;523;888;937;932;939;
2017-04-17;11:23:34:4164;13445;5;0;524;887;937;932;938;
2017-04-17;11:23:34:4164;13455;6;0;523;888;937;933;938;
2017-04-17;11:23:34:4164;13465;6;0;521;887;936;933;938;
2017-04-17;11:23:34:4165;13475;6;0;519;888;937;932;938;
2017-04-17;11:23:34:4468;13485;5;0;518;888;937;933;938;
2017-04-17;11:23:34:4468;13495;7;0;517;888;937;933;938;
2017-04-17;11:23:34:4468;13505;6;0;515;887;936;932;938;
2017-04-17;11:23:34:4642;13515;6;0;514;888;937;933;938;
2017-04-17;11:23:34:4642;13526;5;0;513;887;937;932;938;
2017-04-17;11:23:34:5003;13536;7;0;512;888;937;932;938;
2017-04-17;11:23:34:5003;13546;6;0;511;888;937;933;938;
2017-04-17;11:23:34:5003;13556;6;0;510;887;937;932;938;
2017-04-17;11:23:34:5309;13566;5;0;510;887;937;933;938;
2017-04-17;11:23:34:5309;13576;6;0;509;887;937;933;938;
2017-04-17;11:23:34:5309;13586;4;0;506;887;937;932;938;
2017-04-17;11:23:34:5628;13596;5;0;508;887;936;933;938;
2017-04-17;11:23:34:5628;13606;5;0;508;886;937;933;938;
2017-04-17;11:23:34:5628;13616;7;0;510;887;937;933;938;
2017-04-17;11:23:34:5629;13626;6;0;510;886;937;932;938;
2017-04-17;11:23:34:5800;13636;8;0;512;887;937;933;939;
2017-04-17;11:23:34:6162;13646;6;0;512;886;936;932;938;
2017-04-17;11:23:34:6162;13656;8;0;513;886;936;933;939;
2017-04-17;11:23:34:6163;13666;8;0;513;886;936;932;938;
2017-04-17;11:23:34:6163;13676;8;0;515;886;936;932;938;
2017-04-17;11:23:34:6469;13686;7;0;515;886;937;933;938;
2017-04-17;11:23:34:6469;13696;7;0;516;886;937;933;939;
2017-04-17;11:23:34:6469;13706;5;0;516;886;937;932;938;
2017-04-17;11:23:34:6642;13716;6;0;517;887;937;932;938;
2017-04-17;11:23:34:6643;13726;5;0;515;886;937;933;938;
2017-04-17;11:23:34:7005;13736;6;0;515;887;937;932;939;
2017-04-17;11:23:34:7005;13746;4;0;513;886;937;932;938;
2017-04-17;11:23:34:7006;13756;6;0;513;887;936;933;938;
2017-04-17;11:23:34:7006;13766;4;0;513;886;937;932;938;
2017-04-17;11:23:34:7307;13776;7;0;513;887;937;933;938;
2017-04-17;11:23:34:7308;13786;5;0;510;886;937;932;938;
2017-04-17;11:23:34:7308;13796;6;0;509;887;937;933;939;
2017-04-17;11:23:34:7479;13806;5;0;508;887;937;933;938;
2017-04-17;11:23:34:7805;13816;6;0;509;887;937;932;939;
2017-04-17;11:23:34:7806;13826;5;0;509;888;937;932;938;
2017-04-17;11:23:34:7806;13836;7;0;511;888;937;932;939;
2017-04-17;11:23:34:7975;13846;6;0;510;888;937;933;938;
2017-04-17;11:23:34:7975;13856;7;0;510;888;937;933;938;
2017-04-17;11:23:34:8329;13867;6;0;511;888;937;933;938;
2017-04-17;11:23:34:8329;13877;8;0;513;888;937;932;939;
2017-04-17;11:23:34:8329;13887;6;0;515;888;937;932;938;
2017-04-17;11:23:34:8330;13897;7;0;518;888;937;932;938;
2017-04-17;11:23:34:8626;13907;5;0;519;888;938;932;938;
2017-04-17;11:23:34:8626;13917;6;0;520;889;938;932;938;
2017-04-17;11:23:34:8796;13927;5;529;520;889;939;932;938;
2017-04-17;11:23:34:8796;13937;5;0;521;891;940;932;939;
2017-04-17;11:23:34:9155;13947;4;0;520;893;940;931;939;
2017-04-17;11:23:34:9155;13957;7;0;519;893;941;931;938;
2017-04-17;11:23:34:9155;13967;6;0;518;893;941;930;938;
2017-04-17;11:23:34:9155;13977;7;0;516;894;942;929;939;
2017-04-17;11:23:34:9468;13987;5;0;514;894;942;928;939;
2017-04-17;11:23:34:9468;13997;6;0;514;896;944;928;938;
2017-04-17;11:23:34:9468;14007;5;0;515;897;944;926;938;
2017-04-17;11:23:34:9638;14017;7;0;516;900;945;925;937;
2017-04-17;11:23:34:9639;14027;5;0;517;902;946;924;937;
2017-04-17;11:23:35:0004;14038;6;0;517;906;947;923;937;
2017-04-17;11:23:35:0004;14048;4;0;516;909;947;920;936;
2017-04-17;11:23:35:0005;14058;6;0;516;912;948;919;936;
2017-04-17;11:23:35:0307;14068;4;0;516;914;949;917;935;
2017-04-17;11:23:35:0307;14078;5;0;517;917;949;915;934;
2017-04-17;11:23:35:0307;14088;4;0;516;919;950;914;933;
2017-04-17;11:23:35:0480;14098;6;0;517;921;950;913;932;
2017-04-17;11:23:35:0481;14108;4;0;516;923;950;911;930;
2017-04-17;11:23:35:0802;14118;6;0;516;925;950;911;929;
2017-04-17;11:23:35:0802;14128;4;0;514;927;951;910;928;
2017-04-17;11:23:35:0802;14138;6;0;514;929;951;909;927;
2017-04-17;11:23:35:0971;14148;5;0;511;930;951;908;924;
2017-04-17;11:23:35:0971;14158;6;0;510;931;951;909;923;
2017-04-17;11:23:35:1327;14169;5;0;508;932;951;908;922;
2017-04-17;11:23:35:1328;14179;6;0;509;933;951;908;920;
2017-04-17;11:23:35:1328;14189;5;0;508;934;951;908;919;
2017-04-17;11:23:35:1626;14199;6;0;508;935;951;909;918;
2017-04-17;11:23:35:1627;14209;5;0;508;935;951;909;917;
2017-04-17;11:23:35:1627;14219;7;0;510;936;951;910;916;
2017-04-17;11:23:35:1795;14229;5;0;511;937;951;911;916;
2017-04-17;11:23:35:1795;14239;6;0;513;937;950;911;914;
2017-04-17;11:23:35:1971;14249;5;0;514;938;950;912;913;
2017-04-17;11:23:35:1971;14259;6;0;517;938;950;914;913;
2017-04-17;11:23:35:2160;14269;4;0;517;939;950;915;911;
2017-04-17;11:23:35:2160;14279;5;0;519;939;950;917;910;
2017-04-17;11:23:35:2491;14289;4;0;519;940;949;919;908;
2017-04-17;11:23:35:2491;14299;5;0;520;940;949;920;907;
2017-04-17;11:23:35:2491;14309;4;0;519;941;948;921;904;
2017-04-17;11:23:35:2803;14319;6;0;519;940;948;923;901;
2017-04-17;11:23:35:2803;14329;5;401;518;941;947;924;897;
2017-04-17;11:23:35:2804;14339;5;0;517;942;947;925;894;
2017-04-17;11:23:35:2975;14349;5;0;516;942;947;926;890;
2017-04-17;11:23:35:2975;14359;7;0;516;942;946;927;884;
2017-04-17;11:23:35:3327;14369;5;0;515;942;945;928;878;
2017-04-17;11:23:35:3327;14379;7;0;515;942;944;928;869;
2017-04-17;11:23:35:3327;14389;6;0;515;943;945;930;860;
2017-04-17;11:23:35:3656;14399;7;0;513;943;944;930;851;
2017-04-17;11:23:35:3656;14409;6;0;512;944;944;931;843;
2017-04-17;11:23:35:3657;14419;7;0;511;943;943;931;829;
2017-04-17;11:23:35:3657;14429;6;0;510;944;942;932;819;
2017-04-17;11:23:35:3995;14439;6;0;509;943;942;932;810;
2017-04-17;11:23:35:3996;14449;5;0;507;944;942;933;802;
2017-04-17;11:23:35:3996;14459;6;0;508;944;941;933;795;
2017-04-17;11:23:35:4269;14469;5;0;508;944;941;933;790;
2017-04-17;11:23:35:4270;14479;5;0;508;945;942;934;786;
2017-04-17;11:23:35:4270;14489;4;0;510;944;941;934;786;
2017-04-17;11:23:35:4445;14499;5;0;511;944;941;933;785;
2017-04-17;11:23:35:4647;14509;4;0;512;945;941;934;787;
2017-04-17;11:23:35:4648;14519;6;0;514;945;941;934;791;
2017-04-17;11:23:35:4966;14529;4;0;513;945;941;934;795;
2017-04-17;11:23:35:4966;14539;5;0;514;945;941;934;799;
2017-04-17;11:23:35:4967;14550;4;0;514;945;942;934;803;
2017-04-17;11:23:35:4967;14560;6;0;515;944;942;934;809;
2017-04-17;11:23:35:5169;14570;5;0;515;944;942;934;815;
2017-04-17;11:23:35:5169;14580;6;0;515;944;942;934;819;
2017-04-17;11:23:35:5493;14590;5;0;516;944;942;934;825;
2017-04-17;11:23:35:5494;14600;6;0;516;944;942;934;828;
2017-04-17;11:23:35:5494;14610;6;0;516;944;942;934;832;
2017-04-17;11:23:35:5800;14620;6;0;517;944;943;934;837;
2017-04-17;11:23:35:5801;14630;6;0;516;944;943;933;841;
2017-04-17;11:23:35:5801;14640;7;0;516;944;943;933;843;
2017-04-17;11:23:35:5966;14650;5;0;514;944;943;933;845;
2017-04-17;11:23:35:6323;14660;6;0;514;944;944;933;847;
2017-04-17;11:23:35:6324;14670;5;0;515;945;944;933;850;
2017-04-17;11:23:35:6324;14680;5;0;516;944;944;932;852;
2017-04-17;11:23:35:6324;14690;4;0;516;944;944;932;853;
2017-04-17;11:23:35:6623;14700;5;0;516;944;944;932;854;
2017-04-17;11:23:35:6623;14710;5;0;514;944;945;932;855;
2017-04-17;11:23:35:6623;14720;5;0;514;945;944;932;856;
2017-04-17;11:23:35:6807;14730;4;0;513;945;945;932;856;
2017-04-17;11:23:35:6807;14740;5;0;514;944;945;931;856;
2017-04-17;11:23:35:7154;14750;5;0;514;945;945;932;857;
2017-04-17;11:23:35:7154;14760;6;0;514;944;945;931;857;
2017-04-17;11:23:35:7154;14770;5;0;512;944;945;931;857;
2017-04-17;11:23:35:7330;14780;7;0;511;945;945;931;857;
2017-04-17;11:23:35:7330;14790;6;0;510;945;946;931;857;
2017-04-17;11:23:35:7645;14800;8;0;511;945;945;931;856;
2017-04-17;11:23:35:7646;14810;6;0;510;945;946;931;856;
2017-04-17;11:23:35:7646;14820;7;0;510;945;945;931;855;
2017-04-17;11:23:35:7947;14830;5;0;510;945;945;931;855;
2017-04-17;11:23:35:7947;14840;6;0;509;945;945;931;856;
2017-04-17;11:23:35:7947;14850;5;0;511;945;945;931;854;
2017-04-17;11:23:35:7947;14860;7;0;512;945;945;931;854;
2017-04-17;11:23:35:8117;14870;6;0;513;945;945;931;854;
2017-04-17;11:23:35:8328;14880;6;0;516;945;945;932;853;
2017-04-17;11:23:35:8329;14891;5;0;517;945;945;931;853;
2017-04-17;11:23:35:8641;14901;7;575;519;945;945;931;852;
2017-04-17;11:23:35:8641;14911;7;0;519;945;945;931;852;
2017-04-17;11:23:35:8641;14921;7;0;520;945;945;932;853;
2017-04-17;11:23:35:9002;14931;6;0;518;945;945;932;854;
2017-04-17;11:23:35:9003;14941;7;0;518;944;945;932;854;
2017-04-17;11:23:35:9003;14951;6;0;518;944;945;932;855;
2017-04-17;11:23:35:9003;14961;7;0;517;944;945;932;856;
2017-04-17;11:23:35:9309;14971;6;0;515;945;945;932;857;
2017-04-17;11:23:35:9309;14981;7;0;514;944;945;932;858;
2017-04-17;11:23:35:9310;14991;6;0;514;944;945;932;860;
2017-04-17;11:23:35:9483;15001;7;0;514;944;945;932;862;
2017-04-17;11:23:35:9483;15011;6;0;514;944;945;933;864;
2017-04-17;11:23:35:9802;15021;7;0;514;944;945;932;864;
2017-04-17;11:23:35:9802;15031;6;0;514;944;945;933;866;
2017-04-17;11:23:35:9803;15041;7;0;514;943;945;933;868;
2017-04-17;11:23:35:9967;15051;6;0;513;944;945;933;870;
2017-04-17;11:23:36:0329;15062;6;0;513;943;945;932;872;
2017-04-17;11:23:36:0329;15072;6;0;512;943;945;933;873;
2017-04-17;11:23:36:0330;15082;6;0;510;943;945;933;874;
2017-04-17;11:23:36:0330;15092;5;0;509;943;946;933;875;
2017-04-17;11:23:36:0626;15102;5;0;509;943;945;932;876;
2017-04-17;11:23:36:0626;15112;4;0;510;943;945;933;877;
2017-04-17;11:23:36:0626;15122;5;0;510;943;945;933;878;
2017-04-17;11:23:36:0797;15132;5;0;510;943;945;933;878;
2017-04-17;11:23:36:0797;15142;4;0;511;942;945;932;879;
2017-04-17;11:23:36:0964;15152;5;0;511;942;945;933;879;
2017-04-17;11:23:36:1159;15162;5;0;511;942;945;933;879;
2017-04-17;11:23:36:1159;15172;5;0;511;942;945;933;880;
2017-04-17;11:23:36:1499;15182;6;0;512;942;945;933;880;
2017-04-17;11:23:36:1499;15192;6;0;511;942;945;933;881;
2017-04-17;11:23:36:1499;15202;7;0;513;942;945;933;881;
2017-04-17;11:23:36:1499;15212;5;0;514;942;945;933;881;
2017-04-17;11:23:36:1807;15222;6;0;514;942;945;933;881;
2017-04-17;11:23:36:1808;15232;5;0;514;942;945;933;881;
2017-04-17;11:23:36:1808;15242;5;0;512;942;944;933;881;
2017-04-17;11:23:36:2169;15252;6;0;512;942;944;933;880;
2017-04-17;11:23:36:2169;15262;7;0;515;942;944;934;878;
2017-04-17;11:23:36:2169;15272;6;0;516;942;944;934;878;
2017-04-17;11:23:36:2170;15282;6;0;517;942;943;934;878;
2017-04-17;11:23:36:2467;15292;6;0;518;942;943;934;878;
2017-04-17;11:23:36:2467;15302;6;401;517;942;943;934;878;
2017-04-17;11:23:36:2637;15312;6;0;516;942;943;935;878;
2017-04-17;11:23:36:2638;15322;6;0;516;942;943;934;878;
2017-04-17;11:23:36:3002;15332;5;0;516;942;942;935;878;
2017-04-17;11:23:36:3003;15342;6;0;517;941;942;935;878;
2017-04-17;11:23:36:3003;15352;6;0;515;941;942;935;879;
2017-04-17;11:23:36:3003;15362;6;0;515;941;942;935;879;
2017-04-17;11:23:36:3308;15372;6;0;516;941;942;935;880;
2017-04-17;11:23:36:3309;15382;6;0;516;941;941;935;880;
2017-04-17;11:23:36:3309;15392;6;0;516;941;941;935;881;
2017-04-17;11:23:36:3482;15403;7;0;516;941;941;935;881;
2017-04-17;11:23:36:3482;15413;6;0;514;941;941;936;881;
2017-04-17;11:23:36:3840;15423;6;0;514;940;940;936;881;
2017-04-17;11:23:36:3840;15433;7;0;515;940;940;936;882;
2017-04-17;11:23:36:3840;15443;7;0;513;939;940;936;883;
2017-04-17;11:23:36:4107;15453;7;0;513;939;940;936;884;
2017-04-17;11:23:36:4107;15463;7;0;514;939;939;936;885;
2017-04-17;11:23:36:4107;15473;6;0;515;939;940;937;886;
2017-04-17;11:23:36:4281;15483;7;0;514;938;940;936;887;
2017-04-17;11:23:36:4482;15493;6;0;515;938;940;936;889;
2017-04-17;11:23:36:4482;15503;7;0;515;937;940;936;890;
2017-04-17;11:23:36:4647;15513;6;0;515;937;941;936;893;
2017-04-17;11:23:36:4648;15523;7;0;515;937;941;936;894;
2017-04-17;11:23:36:4966;15533;6;0;515;936;941;936;897;
2017-04-17;11:23:36:4966;15543;6;0;515;935;941;936;899;
2017-04-17;11:23:36:4967;15553;5;0;515;935;941;936;902;
2017-04-17;11:23:36:5157;15563;6;0;516;934;941;936;904;
2017-04-17;11:23:36:5158;15574;5;0;517;934;942;936;907;
2017-04-17;11:23:36:5493;15584;4;0;517;933;941;935;909;
2017-04-17;11:23:36:5493;15594;4;0;517;932;942;936;911;
2017-04-17;11:23:36:5493;15604;4;0;517;930;941;936;913;
2017-04-17;11:23:36:5858;15614;5;0;517;929;941;936;915;
2017-04-17;11:23:36:5858;15624;5;0;516;927;941;936;916;
2017-04-17;11:23:36:5859;15634;5;0;514;925;941;936;918;
2017-04-17;11:23:36:5859;15644;5;0;514;923;941;936;920;
2017-04-17;11:23:36:6163;15654;5;0;513;921;940;936;921;
2017-04-17;11:23:36:6164;15664;5;0;512;920;940;936;922;
2017-04-17;11:23:36:6164;15674;4;0;513;918;940;937;924;
2017-04-17;11:23:36:6467;15684;5;0;515;914;939;936;925;
2017-04-17;11:23:36:6468;15694;5;0;516;912;939;937;926;
2017-04-17;11:23:36:6468;15704;6;401;517;910;938;937;927;
2017-04-17;11:23:36:6714;15714;5;0;517;908;938;937;928;
2017-04-17;11:23:36:6715;15724;5;0;515;904;938;937;928;
2017-04-17;11:23:36:6715;15734;5;0;516;902;938;938;929;
2017-04-17;11:23:36:7001;15744;4;0;516;900;937;937;929;
2017-04-17;11:23:36:7002;15754;5;0;515;898;937;938;930;
2017-04-17;11:23:36:7002;15764;5;0;514;896;937;937;929;
2017-04-17;11:23:36:7308;15774;5;0;513;895;937;938;930;
2017-04-17;11:23:36:7308;15784;6;0;514;895;937;938;930;
2017-04-17;11:23:36:7481;15794;5;0;515;896;937;938;930;
2017-04-17;11:23:36:7483;15804;5;0;516;897;937;937;930;
2017-04-17;11:23:36:7841;15814;6;0;517;898;937;938;931;
2017-04-17;11:23:36:7841;15824;6;0;517;898;937;937;931;
2017-04-17;11:23:36:7842;15834;6;0;517;900;938;938;931;
2017-04-17;11:23:36:7842;15844;5;0;516;899;937;937;931;
2017-04-17;11:23:36:8112;15854;6;0;515;899;937;938;931;
2017-04-17;11:23:36:8113;15864;5;0;514;899;937;937;931;
2017-04-17;11:23:36:8113;15874;6;0;513;898;937;938;931;
2017-04-17;11:23:36:8336;15884;7;0;513;897;937;937;931;
2017-04-17;11:23:36:8336;15894;7;0;514;897;937;938;932;
2017-04-17;11:23:36:8630;15904;6;0;514;897;937;937;932;
2017-04-17;11:23:36:8630;15915;6;0;515;897;937;938;932;
2017-04-17;11:23:36:8630;15925;5;0;515;897;936;937;932;
2017-04-17;11:23:36:8806;15935;5;0;515;898;937;937;932;
2017-04-17;11:23:36:8806;15945;4;0;514;897;937;938;932;
2017-04-17;11:23:36:9157;15955;4;0;513;896;937;938;933;
2017-04-17;11:23:36:9158;15965;4;0;514;896;937;937;933;
2017-04-17;11:23:36:9158;15975;5;0;514;896;937;938;933;
2017-04-17;11:23:36:9333;15985;5;0;513;895;937;937;933;
2017-04-17;11:23:36:9333;15995;5;0;514;894;937;938;933;
2017-04-17;11:23:36:9651;16005;5;0;515;893;937;937;933;
2017-04-17;11:23:36:9651;16015;6;0;516;893;937;938;934;
2017-04-17;11:23:36:9651;16025;6;0;516;893;937;937;934;
2017-04-17;11:23:36:9991;16035;7;0;515;892;937;937;934;
2017-04-17;11:23:36:9991;16045;6;0;515;892;937;937;934;
2017-04-17;11:23:36:9991;16055;6;0;516;893;937;937;934;
2017-04-17;11:23:37:0309;16065;5;0;515;892;937;937;934;
2017-04-17;11:23:37:0310;16075;5;0;516;892;937;937;934;
2017-04-17;11:23:37:0310;16086;4;0;515;891;937;937;934;
2017-04-17;11:23:37:0310;16096;6;0;515;891;937;938;934;
2017-04-17;11:23:37:0484;16106;5;401;515;889;937;937;934;
2017-04-17;11:23:37:0839;16116;7;0;514;889;938;937;935;
2017-04-17;11:23:37:0839;16126;6;0;513;888;938;937;935;
2017-04-17;11:23:37:0839;16136;7;0;513;886;937;937;935;
2017-04-17;11:23:37:0839;16146;6;0;513;885;937;937;935;
2017-04-17;11:23:37:1151;16156;5;0;512;884;938;937;935;
2017-04-17;11:23:37:1151;16166;4;0;513;883;937;937;935;
2017-04-17;11:23:37:1151;16176;5;0;512;883;937;937;936;
2017-04-17;11:23:37:1325;16186;5;0;512;884;937;937;936;
2017-04-17;11:23:37:1659;16196;6;0;512;886;937;937;936;
2017-04-17;11:23:37:1660;16206;5;0;511;888;937;938;936;
2017-04-17;11:23:37:1660;16216;6;0;510;889;937;938;936;
2017-04-17;11:23:37:1660;16226;6;0;511;892;937;938;936;
2017-04-17;11:23:37:1961;16236;6;0;513;897;938;938;936;
2017-04-17;11:23:37:1961;16246;5;0;515;902;938;938;936;
2017-04-17;11:23:37:1962;16256;6;0;514;905;938;938;937;
2017-04-17;11:23:37:2182;16266;5;0;514;909;939;938;937;
2017-04-17;11:23:37:2183;16276;5;0;515;913;940;938;937;
2017-04-17;11:23:37:2520;16286;4;0;516;916;940;938;937;
2017-04-17;11:23:37:2521;16296;5;0;516;921;941;938;936;
2017-04-17;11:23:37:2521;16306;5;0;515;925;943;938;935;
2017-04-17;11:23:37:2521;16316;6;0;515;929;944;938;934;
2017-04-17;11:23:37:2828;16326;5;0;516;932;945;937;932;
2017-04-17;11:23:37:2828;16336;6;0;517;935;945;935;929;
2017-04-17;11:23:37:2829;16346;5;0;518;937;946;934;926;
2017-04-17;11:23:37:3001;16356;6;0;518;939;947;932;922;
2017-04-17;11:23:37:3328;16366;5;0;518;940;947;930;918;
2017-04-17;11:23:37:3329;16376;5;0;518;941;948;929;913;
2017-04-17;11:23:37:3329;16386;4;0;516;942;948;927;906;
2017-04-17;11:23:37:3625;16396;6;0;515;943;949;925;897;
2017-04-17;11:23:37:3626;16406;5;0;515;944;949;923;886;
2017-04-17;11:23:37:3626;16416;5;0;514;945;949;922;872;
2017-04-17;11:23:37:3626;16427;5;0;513;946;949;921;866;
2017-04-17;11:23:37:3810;16437;5;0;513;947;949;920;859;
2017-04-17;11:23:37:4159;16447;5;0;512;947;950;920;857;
2017-04-17;11:23:37:4160;16457;6;0;512;948;949;919;854;
2017-04-17;11:23:37:4160;16467;5;0;511;948;949;920;857;
2017-04-17;11:23:37:4160;16477;6;0;510;948;950;920;861;
2017-04-17;11:23:37:4465;16487;5;0;510;948;949;921;868;
2017-04-17;11:23:37:4465;16497;5;0;509;948;949;921;873;
2017-04-17;11:23:37:4465;16507;4;0;508;948;948;921;880;
2017-04-17;11:23:37:4639;16517;4;0;508;948;948;922;885;
2017-04-17;11:23:37:5001;16527;3;0;508;948;948;923;892;
2017-04-17;11:23:37:5001;16537;4;0;509;948;948;924;898;
2017-04-17;11:23:37:5002;16547;4;0;509;947;947;924;902;
2017-04-17;11:23:37:5002;16557;5;0;510;947;947;925;906;
2017-04-17;11:23:37:5304;16567;4;0;511;946;946;926;909;
2017-04-17;11:23:37:5304;16577;5;0;512;946;946;926;912;
2017-04-17;11:23:37:5305;16587;4;0;513;945;946;926;913;
2017-04-17;11:23:37:5480;16598;5;0;514;944;946;927;916;
2017-04-17;11:23:37:5480;16608;4;0;515;943;945;926;917;
2017-04-17;11:23:37:5841;16618;4;0;515;943;945;928;919;
2017-04-17;11:23:37:5842;16628;4;0;514;942;944;927;919;
2017-04-17;11:23:37:5842;16638;5;0;515;940;944;927;921;
2017-04-17;11:23:37:5842;16648;4;0;515;939;944;926;921;
2017-04-17;11:23:37:6146;16658;5;0;515;938;944;926;922;
2017-04-17;11:23:37:6146;16668;4;0;515;938;944;926;922;
2017-04-17;11:23:37:6465;16678;5;0;515;937;944;925;922;
2017-04-17;11:23:37:6465;16688;5;0;515;937;944;925;923;
2017-04-17;11:23:37:6465;16698;6;0;515;936;945;925;924;
2017-04-17;11:23:37:6466;16708;5;0;514;937;945;924;924;
2017-04-17;11:23:37:6642;16718;7;0;515;938;946;925;925;
2017-04-17;11:23:37:6998;16728;6;0;513;939;947;925;926;
2017-04-17;11:23:37:6998;16738;7;0;515;940;947;926;927;
2017-04-17;11:23:37:6998;16748;6;0;515;941;948;926;927;
2017-04-17;11:23:37:6998;16758;6;0;515;942;948;925;926;
2017-04-17;11:23:37:7307;16768;5;0;515;942;948;925;925;
2017-04-17;11:23:37:7307;16778;6;0;515;942;949;925;923;
2017-04-17;11:23:37:7308;16788;5;0;515;941;948;923;920;
2017-04-17;11:23:37:7627;16798;6;0;515;940;948;922;919;
2017-04-17;11:23:37:7627;16808;5;0;514;937;947;921;915;
2017-04-17;11:23:37:7627;16818;6;0;514;935;947;920;911;
2017-04-17;11:23:37:7797;16828;5;0;513;931;946;918;904;
2017-04-17;11:23:37:7798;16838;6;0;513;927;945;916;898;
2017-04-17;11:23:37:8157;16848;5;0;512;923;944;913;894;
2017-04-17;11:23:37:8157;16858;6;0;512;917;943;911;892;
2017-04-17;11:23:37:8157;16868;5;0;512;910;942;910;891;
2017-04-17;11:23:37:8157;16878;7;0;513;901;940;907;888;
2017-04-17;11:23:37:8326;16888;6;0;512;888;940;904;888;
2017-04-17;11:23:37:8684;16898;7;0;514;877;939;903;890;
2017-04-17;11:23:37:8684;16908;6;0;515;863;938;900;891;
2017-04-17;11:23:37:8684;16918;6;0;515;847;938;899;893;
2017-04-17;11:23:37:8684;16928;6;0;516;838;938;899;894;
2017-04-17;11:23:37:8951;16939;8;834;517;826;938;898;896;
2017-04-17;11:23:37:8951;16949;6;0;518;811;938;899;898;
2017-04-17;11:23:37:8951;16959;7;0;519;803;938;899;900;
2017-04-17;11:23:37:9183;16969;7;0;520;797;938;898;901;
2017-04-17;11:23:37:9184;16979;7;0;521;738;939;899;904;
2017-04-17;11:23:37:9479;16989;6;0;521;764;940;900;906;
2017-04-17;11:23:37:9479;16999;8;0;520;786;941;900;907;
2017-04-17;11:23:37:9479;17009;6;0;519;756;942;900;913;
2017-04-17;11:23:37:9784;17019;7;0;518;690;943;901;920;
2017-04-17;11:23:37:9784;17029;6;0;516;691;944;901;923;
2017-04-17;11:23:37:9785;17039;8;0;515;688;945;902;926;
